Name,Vmag,AtmDepth,SNR,Period,Mass,logg,Eq Temp
-,-,ppm,-,days,M_jup,-,K
HD_209458,7.65,387.9,7.459,3.52,0.71,9.29,1735
WASP-127,10.16,1033.4,6.255,4.18,0.18,2.38,1705
KELT-11,8.03,330.2,5.330,4.74,0.17,2.33,2026
HD_189733,7.68,272.3,5.165,2.22,1.15,21.52,1417
WASP-069,9.87,643.6,4.453,3.87,0.26,5.77,1142
WASP-094,10.06,675.3,4.281,3.95,0.45,3.79,1920
WASP-033,8.18,256.6,3.866,1.22,2.16,18.99,3252
WASP-076,9.53,473.5,3.831,1.81,0.92,6.81,2595
HAT-P-47,10.69,748.8,3.551,4.73,0.21,2.96,1908
WASP-107,11.59,1102.5,3.454,5.72,0.12,3.45,876
WASP-017,11.50,1031.5,3.369,3.73,0.48,3.17,2085
KELT-09,7.56,166.2,3.331,1.48,2.88,19.96,4817
HAT-P-32,11.29,863.4,3.106,2.15,0.80,6.07,2143
WASP-121,10.52,593.1,3.042,1.27,1.18,8.43,2804
WASP-101,10.34,510.2,2.843,3.59,0.50,6.23,1847
WASP-131,10.08,403.5,2.534,5.32,0.27,4.50,1713
WASP-020,10.68,523.5,2.494,4.90,0.38,5.72,1501
KELT-04,9.98,376.2,2.474,2.99,0.90,7.75,2169
KELT-07,8.54,187.6,2.394,2.73,1.28,13.50,2438
WASP-039,12.10,960.3,2.379,4.05,0.28,4.26,1387
WASP-062,10.22,400.2,2.357,4.41,0.57,7.31,1697
WASP-168,11.85,839.4,2.333,4.15,0.42,4.63,1598
WASP-052,12.20,940.5,2.225,1.75,0.43,6.85,1564
HAT-P-01,10.40,409.3,2.218,4.46,0.53,7.48,1574
WASP-034,10.37,402.0,2.209,4.32,0.59,9.83,1378
TrES-4,11.59,672.5,2.107,3.55,0.49,3.62,2138
pi_Men,5.67,43.1,2.064,6.27,0.02,10.33,1388
WASP-054,10.42,380.9,2.045,3.69,0.64,5.77,2186
HAT-P-30,10.36,367.8,2.031,2.81,0.71,9.81,1957
WASP-074,9.76,278.6,2.027,2.14,0.95,9.68,2287
WASP-013,10.51,392.1,2.020,4.35,0.51,5.44,1884
WASP-031,11.94,746.5,1.991,3.41,0.48,4.94,1836
WASP-079,10.04,305.7,1.956,3.66,0.86,9.11,2041
KELT-08,10.83,435.1,1.935,3.24,0.87,6.21,1994
WASP-049,11.36,549.5,1.914,2.78,0.40,6.84,1663
Kepler-051b,14.83,2626.9,1.851,45.16,0.01,0.41,646
HAT-P-48,12.16,763.8,1.841,4.41,0.17,3.26,1618
KELT-17,9.29,203.5,1.839,3.08,1.31,13.96,2481
WASP-021,11.59,585.4,1.834,4.32,0.28,5.07,1621
WASP-166,9.36,204.2,1.787,5.44,0.10,6.37,1512
WASP-189,6.64,57.8,1.769,2.72,2.13,27.97,3141
KELT-10,10.70,370.2,1.748,4.17,0.68,8.60,1637
WASP-117,10.15,281.8,1.714,10.02,0.28,6.55,1218
HD_202772,8.32,116.9,1.651,3.31,1.01,10.24,2576
55_Cnc_e,5.95,39.2,1.647,0.74,0.03,22.18,2363
WASP-035,10.95,385.7,1.623,3.16,0.72,10.24,1750
HD_149026,8.16,106.2,1.615,2.88,0.37,13.80,2107
HD_219134b,5.57,32.0,1.605,3.09,0.01,18.09,1207
Kepler-051c,14.83,2247.4,1.584,85.31,0.01,0.49,522
HAT-P-33,11.19,407.4,1.535,3.48,0.76,6.64,2117
WASP-172,11.09,384.1,1.515,5.48,0.47,4.73,2076
WASP-007,9.48,180.8,1.497,4.96,0.98,12.87,1820
WASP-015,10.92,341.4,1.457,3.75,0.59,7.40,2046
WASP-006,12.16,593.3,1.430,3.36,0.48,7.95,1408
WASP-122,11.00,341.4,1.404,1.71,1.28,10.48,2333
HAT-P-12,12.80,779.9,1.400,3.21,0.20,5.90,1136
HAT-P-41,11.36,398.7,1.389,2.69,0.80,6.98,2303
NGTS-2,10.96,329.2,1.378,4.51,0.67,7.04,1948
HAT-P-26,11.74,470.4,1.376,4.24,0.06,4.58,1165
HD_002685,9.59,172.6,1.358,4.13,1.18,14.10,2050
WASP-139,12.39,612.0,1.327,5.92,0.12,4.53,1092
K2-232,9.90,192.0,1.310,11.17,0.41,8.67,1189
WASP-063,11.16,334.8,1.279,4.38,0.38,4.61,1876
WASP-012,11.69,424.4,1.270,1.09,1.47,10.09,3046
HAT-P-18,12.76,691.1,1.263,5.51,0.20,5.42,1000
WASP-025,11.85,448.5,1.247,3.77,0.60,9.53,1440
HAT-P-19,12.90,727.1,1.246,4.01,0.29,5.65,1200
WASP-110,12.27,534.3,1.224,3.78,0.51,8.25,1360
HATS-21,12.19,512.0,1.217,3.55,0.33,6.53,1526
WASP-085,10.42,225.6,1.212,2.66,1.26,20.39,1596
WASP-095,10.09,193.5,1.210,2.19,1.13,19.13,1923
WASP-088,11.39,348.6,1.198,4.95,0.56,4.80,2097
WASP-118,11.02,289.5,1.179,4.05,0.52,6.63,2085
HATS-43,13.59,927.6,1.157,4.39,0.26,4.65,1185
WASP-055,11.76,396.3,1.148,4.47,0.63,8.72,1547
Qatar-6,11.44,337.5,1.133,3.51,0.67,14.68,1197
HD_219134c,5.57,22.5,1.129,6.76,0.01,18.69,930
WASP-001,11.31,314.7,1.122,2.52,0.85,9.62,2172
XO-6,10.25,192.7,1.119,3.77,1.90,10.99,1875
WASP-078,11.96,422.4,1.116,2.17,0.86,5.02,2799
WASP-082,10.08,175.7,1.103,2.71,1.25,10.55,2624
WASP-070,10.79,242.8,1.100,3.71,0.59,10.79,1635
KELT-06,10.42,202.4,1.087,7.85,0.43,7.49,1561
WASP-019,12.31,481.2,1.082,0.79,1.14,14.20,2471
KELT-18,10.21,182.9,1.082,2.87,1.18,11.87,2477
WASP-080,11.87,390.2,1.075,3.07,0.56,14.33,981
WASP-126,11.20,284.1,1.065,3.29,0.28,7.53,1769
HAT-P-65,13.15,697.0,1.065,2.60,0.53,3.66,2296
HAT-P-17,10.54,208.9,1.061,10.34,0.53,12.98,927
WASP-029,11.21,282.8,1.056,3.92,0.24,10.04,1176
HAT-P-40,11.34,297.9,1.047,4.46,0.61,5.09,2100
WASP-160,13.09,666.6,1.047,3.77,0.28,5.83,1331
WASP-077,10.30,183.5,1.041,1.36,1.76,29.80,2028
WASP-109,11.44,301.2,1.011,3.32,0.91,10.83,2016
HAT-P-51,13.44,749.4,1.002,4.22,0.31,4.58,1416
XO-1,11.14,258.0,0.994,3.94,0.91,15.64,1432
WASP-067,12.54,488.4,0.988,4.61,0.41,8.45,1243
HD_001397,7.87,56.4,0.981,11.54,0.42,9.92,1460
HAT-P-11,9.47,117.1,0.974,4.89,0.09,14.30,988
HAT-P-13,10.62,198.0,0.970,2.92,0.91,10.16,2052
HAT-P-44,13.21,650.9,0.967,4.30,0.35,5.66,1314
Kepler-012,13.53,753.5,0.966,4.44,0.43,3.66,1767
WASP-096,12.19,406.5,0.966,3.43,0.48,8.26,1518
K2-237,11.60,309.7,0.966,2.18,1.23,12.38,2158
HATS-56,11.58,306.6,0.965,4.33,0.60,5.24,2268
WASP-153,12.79,532.5,0.960,3.33,0.39,4.02,2036
HAT-P-04,11.00,233.2,0.959,3.06,0.68,9.43,2072
HD_219666,9.90,139.9,0.955,6.04,0.05,7.33,1275
KELT-03,9.82,134.7,0.954,2.70,1.48,20.24,2161
K2-024c,11.28,263.5,0.952,42.34,0.05,2.68,699
WASP-113,11.77,329.7,0.951,4.54,0.47,5.93,1766
WASP-090,11.69,315.1,0.943,3.92,0.63,5.88,2192
WASP-093,10.97,226.1,0.942,2.73,1.47,14.29,2311
HAT-P-06,10.54,184.2,0.936,3.85,1.06,13.54,2027
WASP-108,11.22,250.9,0.932,2.68,0.89,13.41,1903
WASP-123,11.03,228.5,0.927,2.98,0.90,12.83,1807
Kepler-051d,14.83,1300.9,0.917,130.18,0.02,0.79,454
WASP-016,11.31,249.0,0.888,3.12,0.83,13.90,1652
HAT-P-39,12.42,412.8,0.883,3.54,0.60,6.02,2054
WASP-081,12.29,385.8,0.876,2.72,0.73,8.85,1935
WASP-137,10.89,202.1,0.874,3.91,0.68,10.47,1893
WASP-011,11.89,320.2,0.874,3.72,0.49,12.44,1180
GJ_0436,10.68,183.0,0.872,2.64,0.08,14.78,753
XO-2,11.25,234.3,0.859,2.62,0.60,14.25,1606
HD_097658,7.71,45.6,0.854,9.49,0.02,14.67,902
HATS-19,13.03,528.5,0.853,4.57,0.43,3.84,1843
WASP-004,12.46,400.4,0.840,1.34,1.25,16.64,1991
HATS-65,12.50,407.6,0.840,3.10,0.79,8.99,2047
TrES-1,11.79,291.6,0.833,3.03,0.76,15.62,1364
HAT-P-46,11.94,311.8,0.832,4.46,0.49,7.41,1726
KELT-02,8.70,69.8,0.828,4.11,1.52,22.70,2037
HATS-05,12.63,421.7,0.819,4.76,0.24,7.06,1219
WASP-147,12.30,359.5,0.812,4.60,0.28,5.48,1633
WASP-140,11.13,209.1,0.810,2.24,2.44,29.17,1577
WASP-103,12.39,368.8,0.799,0.93,1.47,13.45,2961
WASP-058,11.66,262.8,0.797,5.02,0.89,11.75,1519
WASP-084,10.83,179.3,0.797,8.52,0.69,17.88,953
HAT-P-08,10.30,140.4,0.797,3.08,1.27,18.11,2061
WASP-041,11.64,258.3,0.791,3.05,0.98,17.45,1478
WASP-124,12.70,414.1,0.778,3.37,0.60,9.67,1654
HAT-P-24,11.75,266.5,0.776,3.35,0.68,10.92,1930
WASP-003,10.64,159.0,0.772,1.85,1.77,24.22,2372
WASP-022,11.71,259.9,0.771,3.53,0.62,10.64,1787
GJ_1214,14.67,992.4,0.753,1.58,0.02,7.57,679
WASP-048,11.66,248.0,0.753,2.14,0.91,11.54,2327
MASCARA-1,8.27,51.3,0.742,2.15,3.70,40.76,3027
WASP-151,12.87,426.0,0.740,4.53,0.36,6.33,1560
HATS-46,13.63,602.4,0.738,4.74,0.17,5.26,1256
TrES-2,11.41,216.6,0.737,2.47,1.21,21.00,1744
WASP-024,11.23,198.8,0.735,2.34,1.11,16.19,2108
WASP-097,10.58,146.9,0.733,2.07,1.32,25.62,1842
WASP-190,11.65,236.5,0.721,5.37,1.00,9.68,1803
KELT-15,11.44,214.1,0.719,3.33,1.20,12.83,1950
WASP-075,11.45,214.8,0.718,2.48,1.08,15.60,2030
K2-029,12.56,355.1,0.712,3.26,0.73,12.78,1388
WASP-142,12.30,310.5,0.702,2.05,0.84,8.89,2389
HATS-39,12.75,375.2,0.689,4.58,0.63,6.34,1958
WASP-145,11.50,208.3,0.680,1.77,0.89,27.23,1434
WASP-026,11.10,172.0,0.676,2.77,1.02,17.10,1963
WASP-042,12.57,335.6,0.670,4.98,0.53,10.38,1215
HATS-30,12.19,281.5,0.669,3.17,0.71,12.67,1682
K2-234,9.38,76.6,0.664,11.81,0.11,7.41,1253
WASP-002,11.98,252.7,0.662,2.15,0.88,19.30,1530
CoRoT-01,13.60,529.0,0.657,1.51,1.03,10.61,2279
HD_106315c,8.95,61.7,0.652,21.06,0.05,7.90,1039
WASP-083,12.87,369.6,0.642,4.97,0.30,6.87,1326
HAT-P-09,12.30,283.0,0.639,3.92,0.78,10.13,1832
Kepler-447,12.56,316.0,0.633,7.79,1.37,12.47,1247
WASP-143,12.58,318.5,0.633,3.78,0.72,11.80,1538
WASP-050,11.55,197.2,0.629,1.96,1.44,27.50,1714
Kepler-007,12.99,380.2,0.625,4.88,0.45,4.13,1927
K2-019b,13.00,380.6,0.623,7.92,0.09,5.03,1046
HATS-26,12.96,371.2,0.619,3.30,0.65,5.26,2285
HATS-27,12.77,339.7,0.618,4.64,0.53,5.84,1970
EPIC_201498078,10.61,123.6,0.608,11.63,0.18,6.29,1268
HATS-29,12.61,307.3,0.602,4.61,0.65,10.34,1439
HD_221416,8.15,39.4,0.601,14.28,0.20,7.11,1429
GJ_3470,12.27,262.5,0.601,3.34,0.04,8.94,769
HAT-P-27,12.16,247.9,0.597,3.04,0.66,15.18,1439
HAT-P-49,10.21,100.7,0.596,2.69,1.73,21.48,2530
WASP-028,12.15,246.0,0.595,3.41,0.89,14.83,1727
WASP-092,13.18,394.8,0.595,2.17,0.81,9.35,2236
K2-135c,10.51,114.1,0.588,3.65,0.00,5.26,967
WASP-060,12.18,241.3,0.576,4.30,0.56,9.25,1760
WASP-100,10.80,127.6,0.575,2.85,2.03,17.62,2618
TrES-3,12.50,278.9,0.575,1.31,1.90,27.43,1949
WASP-111,10.26,99.2,0.574,2.31,1.83,21.78,2523
HATS-33,11.91,208.2,0.563,2.55,1.19,19.53,1699
WASP-098,12.98,337.7,0.558,2.96,0.92,17.46,1393
HAT-P-03,11.86,200.9,0.556,2.90,0.59,17.77,1393
HATS-51,12.47,265.5,0.555,3.35,0.77,9.57,1840
HATS-13,13.89,506.0,0.550,3.04,0.54,9.16,1481
HAT-P-05,12.00,211.9,0.550,2.79,1.06,16.76,1804
HAT-P-56,10.91,127.1,0.545,2.79,2.18,25.14,2188
K2-096b,8.94,51.2,0.543,0.96,0.02,16.95,2077
WASP-119,12.27,236.6,0.542,2.50,1.23,15.55,1863
HAT-P-45,12.79,300.4,0.542,3.13,0.89,10.87,1961
EPIC_211945201,10.15,88.9,0.541,19.49,0.09,6.96,1055
WASP-064,12.29,238.0,0.540,1.57,1.27,19.50,2012
WASP-102,12.73,290.4,0.538,2.71,0.62,9.76,1962
WASP-156,11.57,169.6,0.536,3.84,0.13,12.20,1153
HATS-08,14.03,526.5,0.536,3.58,0.14,4.49,1571
HATS-23,13.90,491.6,0.532,2.16,1.47,10.53,1969
HAT-P-07,10.46,100.7,0.531,2.21,1.87,19.90,2636
HAT-P-55,13.21,355.2,0.528,3.58,0.58,10.33,1561
WASP-056,12.17,219.2,0.526,4.17,0.57,11.87,1449
HAT-P-25,13.19,349.4,0.524,3.65,0.57,10.95,1401
HAT-P-38,12.56,259.9,0.521,4.64,0.27,9.72,1284
HATS-25,13.10,331.3,0.518,4.30,0.61,9.57,1518
Kepler-079d,14.03,503.5,0.513,52.09,0.02,1.15,754
HAT-P-28,13.03,314.7,0.508,3.26,0.63,10.56,1642
K2-031,10.80,112.4,0.507,1.26,1.86,40.94,2078
HATS-34,13.85,455.3,0.504,2.11,0.94,11.41,1716
HATS-35,12.56,247.9,0.497,1.82,1.22,14.13,2418
K2-096c,8.94,46.3,0.491,29.84,0.03,10.55,660
WASP-104,11.79,171.6,0.490,1.75,1.31,26.56,1792
CoRoT-05,14.00,472.6,0.488,4.04,0.46,7.21,1660
WASP-068,10.68,101.9,0.485,5.08,0.95,15.31,1769
WASP-087,10.74,103.7,0.481,1.68,2.18,28.17,2749
HAT-P-43,13.36,345.6,0.479,3.33,0.66,10.00,1615
WASP-132,12.40,217.7,0.470,7.13,0.41,13.43,905
K2-032b,12.31,208.5,0.469,8.99,0.05,6.13,981
K2-030,13.53,353.3,0.453,4.10,0.62,10.81,1391
XO-4,10.67,93.8,0.449,4.12,1.61,23.08,1953
HAT-P-22,9.73,60.7,0.448,3.21,2.19,48.36,1538
EPIC_249451861,11.41,131.6,0.448,14.89,0.32,10.88,976
HAT-P-36,12.26,192.7,0.444,1.33,1.85,27.00,2128
HAT-P-66,12.99,268.8,0.442,2.97,0.78,7.68,2260
WASP-057,13.04,273.1,0.439,2.84,0.64,14.48,1593
K2-135d,10.51,84.7,0.436,6.20,0.01,9.67,810
EPIC_220501947,13.95,408.5,0.432,4.03,0.34,9.29,994
WASP-144,12.90,250.6,0.430,2.28,0.44,15.09,1437
Qatar-1,12.84,242.4,0.427,1.42,1.29,24.55,1652
HATS-03,12.44,200.4,0.425,3.55,1.07,13.92,1960
WASP-023,12.68,217.6,0.413,2.94,0.92,19.96,1344
HATS-53,14.14,426.0,0.413,3.85,0.59,8.21,1558
HATS-67,13.65,337.3,0.409,1.61,1.48,12.76,2596
HATS-06,15.16,674.2,0.408,3.33,0.32,7.94,858
HATS-50,14.03,392.9,0.400,3.82,0.39,7.57,1616
WASP-136,9.98,60.5,0.398,5.21,1.51,19.65,2072
HATS-31,13.11,255.0,0.397,3.38,0.88,8.11,2170
Kepler-008,13.65,323.9,0.393,3.52,0.59,7.67,1978
HATS-28,13.93,363.9,0.388,3.18,0.67,11.68,1489
K2-024b,11.28,106.0,0.383,20.89,0.06,6.08,885
WASP-043,12.37,172.6,0.378,0.81,2.03,46.97,1714
Kepler-426,14.99,571.0,0.374,3.22,0.34,7.09,1548
HATS-01,12.05,147.4,0.374,3.45,1.85,27.12,1628
Kepler-448,11.38,107.6,0.371,17.86,1.10,13.15,1285
HATS-45,13.31,260.3,0.369,4.19,0.70,10.49,1807
WASP-008,9.77,50.3,0.365,8.16,2.25,51.76,1103
WASP-112,13.33,258.3,0.363,3.04,0.88,15.38,1648
KELT-16,11.90,133.2,0.362,0.97,2.75,34.04,2917
Kepler-423,14.42,424.4,0.361,2.68,0.59,10.38,1641
WASP-005,12.14,146.9,0.357,1.63,1.59,28.64,2085
HAT-P-35,12.46,169.8,0.356,3.65,1.05,14.72,1902
WASP-157,12.91,208.0,0.355,3.95,0.57,12.54,1551
HATS-60,12.64,183.2,0.354,3.56,0.65,11.30,1819
Kepler-425,14.95,529.4,0.353,3.80,0.25,6.48,1276
HATS-24,12.83,198.5,0.351,1.35,2.44,27.35,2469
NGTS-1,15.52,681.1,0.349,2.65,0.81,11.38,941
WASP-045,11.98,132.2,0.346,3.13,1.00,25.24,1392
HAT-P-29,11.90,127.3,0.346,5.72,0.77,16.79,1512
Qatar-7,13.03,213.8,0.345,2.03,1.88,16.12,2441
Kepler-018d,13.75,297.0,0.344,14.86,0.05,3.30,949
WASP-065,11.90,125.9,0.342,2.31,1.55,31.07,1766
WASP-044,12.88,196.8,0.340,2.42,0.87,21.45,1552
HATS-64,12.92,200.0,0.340,4.91,0.93,8.23,2159
WASP-159,12.82,189.6,0.337,3.84,0.55,7.16,2155
EPIC_246911830,12.69,178.5,0.337,2.63,1.42,14.61,2361
WASP-072,10.87,76.8,0.335,2.22,1.46,22.45,2619
Kepler-041,14.47,401.6,0.334,1.86,0.56,8.34,2127
HAT-P-37,13.23,226.1,0.333,2.80,1.17,20.88,1517
Kepler-427,14.31,369.8,0.331,10.29,0.29,4.75,1281
GJ_1132,13.49,253.5,0.331,1.63,0.01,12.69,696
HATS-07,13.34,236.5,0.331,3.19,0.12,9.38,1288
K2-107,12.92,193.7,0.329,3.31,0.84,10.04,2106
WASP-165,12.68,172.0,0.326,3.47,0.66,10.27,1878
HAT-P-14,10.00,49.9,0.325,4.63,2.27,37.88,1932
WASP-036,12.70,172.5,0.324,1.54,2.36,33.23,2062
WASP-091,11.99,123.0,0.320,2.80,1.34,31.31,1360
Kepler-025c,10.98,76.9,0.319,12.72,0.08,8.86,1241
Kepler-422,13.55,251.1,0.319,7.89,0.43,8.06,1332
CoRoT-02,12.57,159.3,0.318,1.74,3.57,41.51,1810
WASP-047b,11.93,118.6,0.318,4.16,1.14,22.45,1508
K2-034,11.45,93.1,0.311,3.00,1.65,27.60,1987
WASP-046,12.93,183.7,0.310,1.43,1.91,34.35,1947
HATS-11,14.02,302.8,0.310,3.62,0.83,9.30,1944
WASP-146,12.70,164.7,0.310,3.40,1.11,18.24,1828
K2-139,11.65,101.1,0.308,28.38,0.39,14.69,672
WASP-135,13.28,210.6,0.303,1.40,1.90,27.87,2047
HAT-P-23,12.43,142.2,0.303,1.21,2.07,34.25,2321
HATS-10,13.11,194.3,0.302,3.31,0.53,13.89,1673
HAT-P-54,13.51,232.3,0.301,3.80,0.76,21.14,975
HATS-58,11.55,93.7,0.299,4.22,1.03,21.29,1842
Kepler-006,13.46,224.6,0.297,3.23,0.63,11.48,1726
HATS-44,14.43,347.9,0.295,2.74,0.56,12.19,1403
K2-135b,10.51,57.2,0.294,1.21,0.02,19.28,1397
HD_021749,8.14,19.1,0.293,35.61,0.07,28.27,507
WASP-163,12.54,144.0,0.291,1.61,1.87,32.08,1948
HATS-55,13.47,219.1,0.289,4.20,0.92,14.59,1594
HAT-P-50,11.76,99.2,0.287,3.12,1.35,20.17,2205
HAT-P-42,12.17,119.5,0.287,4.64,1.04,15.79,1699
HATS-02,13.56,225.6,0.285,1.35,1.34,24.44,1873
XO-5,12.13,116.1,0.284,4.19,1.19,22.62,1442
WASP-038,9.45,33.4,0.280,6.87,2.69,55.73,1484
K2-140,12.62,143.7,0.280,6.57,1.02,21.07,1325
WASP-071,10.56,55.2,0.278,2.90,2.24,26.07,2479
KPS-1,13.03,171.8,0.277,1.71,1.09,25.47,1720
HATS-20,13.77,240.3,0.276,3.80,0.27,11.24,1362
Kepler-088b,13.27,183.7,0.266,10.95,0.03,5.98,1242
WASP-173,11.15,68.1,0.261,1.39,3.69,63.52,2187
WTS-2,15.90,598.4,0.258,1.02,1.12,14.94,1826
Kepler-015,13.91,239.0,0.257,4.94,0.70,10.38,1487
Kepler-009c,13.93,241.0,0.257,38.91,0.09,4.49,677
Kepler-089d,12.33,115.2,0.257,22.34,0.33,8.17,1065
WASP-129,12.12,104.3,0.256,5.75,1.00,28.66,1281
WASP-138,11.81,89.2,0.253,3.63,1.22,25.45,1896
Kepler-077,14.10,255.5,0.252,3.58,0.43,11.56,1485
Kepler-078,11.75,83.2,0.242,0.35,0.01,12.77,2678
WASP-114,12.74,131.3,0.242,1.55,1.77,24.46,2412
Kepler-009b,13.93,223.8,0.239,19.24,0.14,6.25,858
HATS-63,13.89,218.6,0.237,3.06,0.96,16.33,1666
HATS-52,13.67,196.9,0.237,1.37,2.24,29.07,2230
LHS_1140c,14.15,245.5,0.237,3.78,0.01,10.80,521
WASP-164,12.63,121.6,0.236,1.78,2.13,41.49,1913
WASP-170,12.79,129.9,0.234,2.35,1.60,33.02,1694
HATS-18,14.07,232.5,0.232,0.84,1.98,27.45,2444
K2-141b,11.49,69.9,0.229,0.28,0.02,21.76,2572
Kepler-412,14.43,266.6,0.226,1.72,0.94,13.26,2175
WASP-018,9.27,24.8,0.226,0.94,10.52,179.88,2868
Kepler-068b,10.11,36.5,0.226,5.40,0.02,11.09,1491
Kepler-013,9.95,33.7,0.225,1.76,6.00,75.23,2594
HATS-09,13.28,154.9,0.223,1.92,0.82,14.71,2161
WASP-053,12.19,93.7,0.223,3.31,2.13,45.81,1252
HATS-71,16.33,625.4,0.221,3.80,0.45,9.56,726
WASP-133,12.88,127.5,0.221,2.18,1.16,19.64,2112
HD_017156,8.17,14.4,0.218,21.22,3.26,71.29,1051
TrES-5,13.72,182.8,0.215,1.48,1.79,31.12,1766
HAT-P-53,13.73,182.8,0.214,1.96,1.48,21.17,2113
HATS-32,14.38,246.2,0.213,2.81,0.92,14.62,1707
WASP-037,12.72,114.2,0.213,3.58,1.80,33.16,1615
HATS-68,12.28,92.2,0.210,3.59,1.29,19.33,2138
HAT-P-16,10.80,45.8,0.207,2.78,4.19,73.39,1864
WASP-066,11.61,66.4,0.206,4.09,2.32,29.76,2143
CoRoT-25,14.97,309.8,0.205,4.86,0.37,7.86,1572
NGTS-3,14.64,261.9,0.201,1.68,2.38,26.93,2029
Kepler-018c,13.75,172.4,0.200,7.64,0.05,5.57,1185
WASP-130,11.11,50.4,0.197,11.55,1.23,38.49,989
EPIC_211442297,13.34,140.3,0.196,20.27,0.84,16.78,807
CoRoT-11,12.80,109.4,0.196,2.99,2.34,28.52,2033
WASP-014,9.75,26.2,0.192,2.24,7.59,122.35,2212
HATS-59,13.95,181.1,0.191,5.42,0.81,15.76,1339
HAT-P-34,10.16,31.5,0.191,5.45,3.33,57.57,1759
EPIC_246471491c,12.03,74.0,0.189,7.14,0.05,12.32,882
HAT-P-52,14.07,186.8,0.187,2.75,0.82,19.92,1447
Qatar-2,13.49,142.4,0.186,1.34,2.47,49.17,1528
WASP-099,9.48,22.1,0.183,5.75,2.78,56.95,1747
EPIC_246067459,13.75,157.2,0.182,3.21,0.86,12.61,1898
HD_106315b,8.95,17.1,0.181,9.55,0.04,20.86,1352
WASP-032,11.56,56.4,0.179,2.72,3.60,64.08,1857
CoRoT-12,15.52,348.8,0.179,2.83,0.87,11.98,1683
EPIC_246471491b,12.03,69.3,0.177,3.47,0.03,14.17,1295
WASP-073,10.48,33.7,0.176,4.09,1.88,34.63,2119
K2-229b,10.98,42.0,0.174,0.58,0.01,18.63,2333
Kepler-435,13.77,151.7,0.174,8.60,0.84,5.26,2032
CoRoT-04,14.00,167.3,0.173,9.20,0.73,13.47,1259
WASP-134,11.25,46.5,0.170,10.15,1.41,35.85,1146
HATS-14,13.79,149.5,0.170,2.77,1.07,24.59,1516
Kepler-1655,11.05,41.4,0.166,11.87,0.02,10.18,1115
Kepler-093b,9.93,24.2,0.163,4.73,0.01,17.95,1348
Kepler-045,16.63,526.5,0.162,2.46,0.50,12.42,936
WASP-047d,11.93,60.2,0.161,9.03,0.04,9.79,1162
HATS-04,13.46,120.4,0.159,2.52,1.32,31.52,1566
WASP-010,12.39,73.3,0.159,3.09,3.14,72.10,1150
HATS-57,12.34,71.1,0.158,2.35,3.15,60.13,1701
Kepler-021,8.25,10.7,0.156,2.79,0.02,18.55,2409
CoRoT-32,14.47,185.2,0.154,6.72,0.15,11.44,1142
Kepler-011c,13.86,139.5,0.154,13.03,0.01,3.44,1024
EPIC_247418783,10.01,23.6,0.153,2.23,0.02,25.15,1662
HATS-54,13.91,141.7,0.153,2.54,0.76,16.55,1875
WASP-059,13.00,93.1,0.152,7.92,0.86,35.61,791
Kepler-017,14.30,166.0,0.149,1.49,2.34,33.80,2036
K2-032d,12.31,66.2,0.149,31.72,0.03,8.47,644
EPIC_249624646c,11.11,38.0,0.148,48.37,0.77,18.96,804
HATS-42,13.62,120.2,0.148,2.29,1.88,23.77,2201
Kepler-025b,10.98,35.6,0.148,6.24,0.03,12.70,1578
Kepler-138d,13.34,105.3,0.147,23.09,0.00,4.08,477
K2-027b,12.64,75.5,0.146,6.77,0.10,15.03,1094
K2-003c,12.17,60.8,0.146,24.65,0.01,6.65,453
WASP-120,10.96,34.5,0.144,3.61,4.85,55.41,2231
Kepler-016,12.23,61.3,0.143,221.78,0.33,14.53,245
WASP-061,12.50,69.2,0.143,3.86,2.06,34.31,1851
Kepler-010b,11.10,36.2,0.142,0.84,0.01,16.87,2602
WASP-106,11.21,37.6,0.140,9.29,1.93,40.53,1341
K2-003b,12.17,57.9,0.139,10.05,0.02,12.15,611
K2-060,12.79,76.9,0.139,3.00,0.43,22.64,1573
HATS-40,13.38,99.2,0.136,3.26,1.59,15.79,2491
CoRoT-24c,13.20,90.2,0.135,11.76,0.09,11.27,841
K2-019c,13.00,81.1,0.133,11.91,0.08,12.42,913
HAT-P-31,11.66,43.3,0.131,5.00,2.17,47.00,1729
Kepler-011e,13.86,115.1,0.127,32.00,0.03,4.49,757
Kepler-089c,12.33,56.8,0.126,10.42,0.05,8.19,1373
WASP-105,12.06,50.1,0.126,7.87,1.80,48.41,1007
Kepler-036c,12.22,53.6,0.126,16.24,0.02,5.68,1207
NGTS-4,13.14,80.3,0.123,1.34,0.07,19.98,1961
WASP-161,11.09,31.1,0.123,5.41,2.49,47.24,1853
Kepler-117b,14.48,147.8,0.122,18.80,0.09,4.51,1176
K2-106c,12.10,49.1,0.122,13.34,0.02,9.94,939
Kepler-030d,15.62,247.3,0.121,142.64,0.07,3.01,421
CoRoT-16,15.63,246.4,0.120,5.35,0.54,9.69,1422
WASP-086,10.66,24.9,0.120,5.03,0.82,50.95,1647
Kepler-004,12.09,48.0,0.119,3.21,0.07,13.73,1928
HAT-P-02,8.71,10.1,0.119,5.63,8.74,152.98,1801
CoRoT-07,11.72,39.9,0.118,0.85,0.02,22.44,2093
WASP-141,12.42,53.9,0.115,3.31,2.69,45.54,1875
HAT-P-15,12.16,47.6,0.115,10.86,1.95,41.97,1069
Kepler-089e,12.33,51.1,0.114,54.32,0.11,7.97,792
Kepler-1656,11.24,30.9,0.114,31.58,0.15,18.90,777
K2-099,11.15,28.6,0.110,18.25,0.97,14.45,1517
Kepler-454,11.59,34.5,0.108,10.57,0.02,11.91,1090
HAT-P-20,11.34,30.3,0.107,2.88,7.22,170.34,1146
CoRoT-08,14.76,143.5,0.104,6.21,0.22,14.10,1034
Kepler-289d,14.11,105.0,0.103,125.85,0.41,9.62,481
K2-055,13.55,80.2,0.102,2.85,0.14,21.92,1119
CoRoT-19,14.01,98.9,0.102,3.90,1.09,19.08,1938
K2-265,11.10,25.2,0.099,2.37,0.02,21.81,1690
Kepler-029b,15.46,183.9,0.097,10.34,0.01,3.94,1035
Kepler-074,14.56,119.6,0.095,7.34,0.63,16.94,1303
XO-3,9.91,14.0,0.095,3.19,11.83,188.27,2056
Kepler-011f,13.86,84.8,0.093,46.69,0.01,3.19,666
TRAPPIST-1b,18.80,817.3,0.093,1.51,0.00,7.93,467
HD_080606,9.06,9.0,0.091,111.44,4.11,101.36,483
Kepler-079c,14.03,88.9,0.091,27.40,0.02,4.18,934
K2-039,10.83,20.3,0.090,4.61,0.12,11.96,2012
WASP-158,12.05,35.2,0.089,3.66,2.79,60.40,1888
K2-018b,13.50,67.2,0.087,32.94,0.03,11.47,345
CoRoT-28,13.78,75.5,0.086,5.21,0.48,13.15,1622
Kepler-138b,13.34,61.5,0.086,10.31,0.00,3.81,624
Kepler-020c,12.65,44.4,0.085,10.85,0.04,13.45,1004
HATS-12,12.76,46.4,0.085,3.14,2.39,30.93,2495
Kepler-428,15.47,161.3,0.085,3.53,1.27,26.99,1269
CoRoT-26,15.76,184.1,0.085,4.21,0.52,8.12,1870
K2-038c,11.39,24.6,0.084,10.56,0.03,16.47,1115
WASP-047c,11.93,30.9,0.083,0.79,0.02,21.19,2624
Kepler-029c,15.46,156.5,0.082,13.29,0.01,3.98,952
CoRoT-13,15.04,128.7,0.082,4.04,1.31,20.75,1704
K2-098,12.17,33.9,0.081,10.14,0.10,17.34,1309
TRAPPIST-1d,18.80,714.5,0.081,4.05,0.00,4.57,336
HAT-P-21,11.69,26.9,0.080,4.12,4.06,96.04,1516
LHS_1140b,14.15,83.1,0.080,24.74,0.02,22.96,279
K2-110,11.91,28.7,0.078,13.86,0.05,24.39,759
Kepler-010c,11.10,19.8,0.078,45.29,0.02,13.08,688
Kepler-424,14.45,91.9,0.077,3.31,1.03,32.23,1447
HATS-15,14.77,106.5,0.077,1.75,2.17,44.05,1776
Kepler-087c,14.78,106.8,0.077,191.23,0.02,1.66,527
K2-113,13.68,64.2,0.077,5.82,1.29,36.97,1377
Kepler-005,13.54,60.2,0.077,3.55,2.03,34.49,2013
K2-216,12.48,36.9,0.077,2.17,0.02,22.27,1309
CoRoT-09,13.69,63.8,0.076,95.27,0.84,18.32,497
HATS-16,13.83,68.0,0.076,2.69,3.27,47.96,1892
HD_119130,9.92,11.2,0.076,16.98,0.08,34.56,946
Kepler-079e,14.03,73.3,0.075,81.07,0.01,3.31,650
HATS-22,13.46,55.6,0.074,4.72,2.74,74.78,1020
Kepler-044,14.89,106.6,0.073,3.25,1.00,20.86,1830
K2-180,12.60,34.0,0.067,8.87,0.04,22.31,889
Kepler-026b,16.00,162.7,0.067,12.28,0.02,6.49,549
Qatar-5,12.82,37.4,0.067,2.88,4.32,87.38,1682
TRAPPIST-1c,18.80,578.8,0.066,2.42,0.00,9.35,399
CoRoT-29,15.56,125.8,0.063,2.85,0.85,26.01,1449
Kepler-011d,13.86,57.4,0.063,22.69,0.02,7.40,836
Kepler-011b,13.86,56.4,0.062,10.30,0.01,5.77,1105
K2-106b,12.10,25.0,0.062,0.57,0.02,32.43,2652
Kepler-080c,15.18,93.1,0.056,9.52,0.02,8.83,762
Qatar-4,13.60,44.9,0.056,1.80,6.10,117.37,1647
Kepler-080b,15.18,92.9,0.056,7.05,0.02,9.54,842
CoRoT-06,13.91,51.7,0.056,8.89,2.96,52.25,1220
K2-111,11.14,14.4,0.056,5.35,0.03,23.16,1462
Kepler-101b,13.99,53.3,0.055,3.49,0.16,15.05,1864
K2-108,12.47,25.9,0.054,4.73,0.19,20.89,1735
CoRoT-18,15.00,82.8,0.054,1.90,3.30,62.28,1727
Qatar-3,12.88,30.9,0.053,2.51,4.31,88.93,1998
Kepler-079b,14.03,50.0,0.051,13.48,0.03,8.77,1181
HATS-17,12.39,23.4,0.051,16.25,1.34,54.93,968
Kepler-289c,14.11,51.5,0.051,66.06,0.01,5.64,598
HATS-36,14.39,58.6,0.051,4.17,3.22,52.26,1627
Kepler-026c,16.00,112.8,0.046,17.25,0.02,8.19,490
TRAPPIST-1f,18.80,401.1,0.045,9.21,0.00,8.26,256
TRAPPIST-1g,18.80,387.1,0.044,12.36,0.00,8.51,232
Kepler-056b,12.72,23.2,0.043,10.50,0.07,5.07,1780
EPIC_211682544,11.61,13.6,0.042,50.82,0.05,24.99,560
TRAPPIST-1h,18.80,370.9,0.042,18.77,0.00,5.21,202
Kepler-035,15.93,98.8,0.042,131.46,0.13,5.94,420
TRAPPIST-1e,18.80,366.4,0.041,6.10,0.00,9.02,293
Kepler-030b,15.62,84.5,0.041,29.22,0.03,6.38,715
WASP-089,13.09,26.0,0.041,3.36,5.90,135.21,1290
Kepler-020d,12.65,21.1,0.041,77.61,0.03,13.24,523
Kepler-043,14.07,39.5,0.040,3.02,3.09,61.61,1906
Kepler-138c,13.34,27.7,0.039,13.78,0.02,18.31,567
K2-056,11.04,9.5,0.039,41.69,0.05,31.92,649
Kepler-020b,12.65,19.3,0.037,3.70,0.03,27.20,1438
EPIC_211418729,14.57,46.3,0.037,11.39,1.85,51.68,858
Kepler-022,11.81,13.0,0.037,289.86,0.02,11.91,340
Kepler-539,12.53,17.9,0.036,125.63,0.97,43.09,461
WTS-1,16.13,90.7,0.035,3.35,4.01,44.77,1773
HATS-66,14.10,34.3,0.034,3.14,5.50,60.59,2337
Kepler-091,12.81,18.7,0.033,6.25,0.73,9.45,2411
HATS-61,13.23,22.3,0.033,7.82,3.40,58.43,1483
WASP-162,12.21,13.9,0.033,9.62,5.20,128.89,1085
HATS-70,12.57,15.6,0.031,1.89,12.90,166.93,3273
Kepler-018b,13.75,26.3,0.030,3.50,0.02,17.21,1537
Kepler-040,14.59,38.3,0.030,6.87,2.16,25.82,2076
Kepler-433,14.62,36.4,0.028,5.33,2.82,33.25,2097
Kepler-034,15.04,43.1,0.028,288.82,0.22,9.34,350
KELT-01,10.70,5.5,0.026,1.22,27.38,544.90,2882
HATS-41,12.68,13.6,0.026,4.19,9.70,135.92,1995
K2-066,11.71,8.6,0.025,5.07,0.07,33.70,1784
K2-038b,11.39,7.2,0.025,4.02,0.04,49.46,1539
Kepler-693,16.71,81.9,0.024,15.38,0.90,26.94,764
Kepler-080e,15.18,38.8,0.023,4.64,0.01,15.76,967
CoRoT-10,15.22,34.3,0.020,13.24,2.78,77.82,770
Kepler-434,14.65,25.8,0.020,12.88,2.86,55.52,1190
CoRoT-21,16.00,47.5,0.020,2.73,2.26,34.73,2431
Kepler-087b,14.78,26.4,0.019,114.74,1.02,17.47,625
Kepler-046b,15.49,36.1,0.019,33.60,0.89,33.43,645
Kepler-289b,14.11,18.9,0.019,34.55,0.02,15.46,750
Kepler-030c,15.62,36.9,0.018,60.33,1.69,36.57,561
Kepler-089b,12.33,7.4,0.017,3.74,0.03,34.94,1932
Kepler-068c,10.11,2.7,0.017,9.61,0.01,51.46,1231
Kepler-419,13.08,10.3,0.016,69.80,2.77,54.73,811
Kepler-117c,14.48,19.5,0.016,50.79,1.84,37.62,844
Kepler-036b,12.22,6.8,0.016,13.84,0.01,19.09,1273
Kepler-014,12.18,6.7,0.016,6.79,7.68,150.14,1909
KOI-3680,14.67,20.0,0.015,141.24,1.93,48.81,448
CoRoT-23,15.63,29.6,0.014,3.63,3.06,54.47,2035
POTS-1,17.94,85.6,0.014,3.16,2.31,64.66,1001
Kepler-080d,15.18,23.5,0.014,3.07,0.02,28.41,1111
Kepler-056c,12.72,7.6,0.014,21.40,0.57,18.46,1404
Kepler-420,14.88,20.0,0.014,86.65,1.45,40.68,544
CoRoT-20,14.66,17.9,0.014,9.24,4.14,102.62,1217
CoRoT-17,15.46,24.8,0.013,3.77,2.46,60.13,1910
KOI-1599.01,15.39,22.0,0.012,20.41,0.01,12.44,905
CoRoT-14,16.03,18.3,0.007,1.51,7.67,183.45,2303
KOI-1599.02,15.39,12.9,0.007,13.62,0.03,24.27,1037
Kepler-1647,13.70,5.8,0.007,1107.59,1.52,33.59,289
Kepler-413,15.83,14.1,0.006,66.25,0.21,36.24,398
Kepler-075,15.52,11.7,0.006,8.88,10.10,227.07,984
WASP-128,12.37,2.6,0.006,2.21,37.19,1049.94,1933
CoRoT-27,15.54,11.1,0.006,3.58,10.39,253.96,1612
EPIC_219388192,12.54,2.5,0.005,5.29,36.84,1040.05,1384
CoRoT-03,13.29,3.3,0.005,4.26,21.96,506.16,1963
WASP-030,11.46,1.0,0.003,4.16,62.50,1712.91,1778
Kepler-039,14.33,3.8,0.003,21.09,19.10,384.24,1011
Kepler-432,12.44,1.5,0.003,50.50,5.41,102.28,1057
LHS_6343,13.44,1.9,0.003,12.71,62.10,2510.64,426
CoRoT-33,14.89,2.5,0.002,5.82,59.00,1208.60,1207
KOI-205,14.76,1.3,0.001,11.72,40.80,1504.00,909
CoRoT-15,15.50,1.5,0.001,3.06,64.90,1473.08,1984
Kepler-503,14.94,0.5,0.000,7.26,78.60,2113.95,1540
KOI-415,14.27,0.2,0.000,166.79,62.14,2467.93,484
EPIC_201702477,14.57,0.2,0.000,40.74,66.90,2893.68,344
Kepler-431c,12.08,-0.0,-0.000,8.70,-1.00,-6885.14,1217
Kepler-032f,16.45,-0.2,-0.000,0.74,-1.00,-4916.98,1575
Kepler-186f,15.23,-0.1,-0.000,129.95,-1.00,-2291.65,254
Kepler-442b,15.33,-0.1,-0.000,112.31,-1.00,-1721.29,305
Kepler-438b,15.16,-0.1,-0.000,35.23,-1.00,-2478.65,380
Kepler-431b,12.08,-0.0,-0.000,6.80,-1.00,-5360.41,1329
EPIC_248435473c,11.81,-0.0,-0.000,7.81,-1.00,-7628.97,760
Kepler-444b,9.17,-0.0,-0.000,3.60,-1.00,-19125.40,1258
Kepler-032e,16.45,-0.3,-0.000,2.90,-1.00,-2580.85,999
Kepler-430c,13.97,-0.1,-0.000,110.98,-1.00,-1018.51,596
Kepler-441b,15.62,-0.2,-0.000,207.25,-1.00,-1162.81,231
Kepler-1649,17.53,-0.5,-0.000,8.69,-1.00,-2689.51,411
Kepler-296e,16.71,-0.3,-0.000,34.14,-1.00,-1340.10,361
Kepler-730c,15.80,-0.2,-0.000,2.85,-1.00,-1264.62,1906
Kepler-296f,16.71,-0.4,-0.000,63.34,-1.00,-956.23,294
Kepler-444c,9.17,-0.0,-0.000,4.55,-1.00,-12630.14,1164
Kepler-186e,15.23,-0.2,-0.000,22.41,-1.00,-1941.15,458
Kepler-069c,13.89,-0.1,-0.000,242.46,-1.00,-1058.85,390
Kepler-186b,15.23,-0.3,-0.000,3.89,-1.00,-2746.43,819
Kepler-444d,9.17,-0.0,-0.000,6.19,-1.00,-11078.81,1050
Kepler-444e,9.17,-0.0,-0.000,7.74,-1.00,-10450.99,975
Kepler-296b,16.71,-0.6,-0.000,10.86,-1.00,-1195.34,529
Kepler-443b,16.18,-0.5,-0.000,177.67,-1.00,-572.91,323
Kepler-431d,12.08,-0.1,-0.000,11.92,-1.00,-2528.98,1102
Kepler-186c,15.23,-0.3,-0.000,7.27,-1.00,-1975.97,665
Kepler-440b,15.71,-0.4,-0.000,101.11,-1.00,-899.50,360
Kepler-080f,15.18,-0.4,-0.000,0.99,-1.00,-2125.04,1620
Kepler-186d,15.23,-0.4,-0.000,13.34,-1.00,-1586.34,543
Kepler-439b,14.73,-0.3,-0.000,178.14,-1.00,-619.66,386
Kepler-296d,16.71,-1.0,-0.000,19.85,-1.00,-716.46,433
Kepler-436b,16.24,-0.9,-0.000,64.00,-1.00,-416.33,382
Kepler-444f,9.17,-0.0,-0.000,9.74,-1.00,-5673.00,881
Kepler-437b,14.73,-0.5,-0.000,66.65,-1.00,-679.44,401
Kepler-296c,16.71,-1.3,-0.000,5.84,-1.00,-782.30,651
Kepler-032d,16.45,-1.3,-0.000,22.78,-1.00,-546.33,502
K2-133b,14.00,-0.5,-0.000,3.07,-1.00,-1810.69,791
Kepler-150f,15.15,-0.9,-0.001,637.21,-1.00,-234.67,277
Kepler-009d,13.93,-0.5,-0.001,1.59,-1.00,-1162.81,1969
K2-133c,14.00,-0.6,-0.001,4.87,-1.00,-1422.55,677
Kepler-066,15.66,-1.3,-0.001,17.82,-1.00,-396.58,914
K2-155d,12.81,-0.3,-0.001,40.63,-1.00,-1162.81,375
Kepler-067,16.41,-1.9,-0.001,15.73,-1.00,-361.09,788
Kepler-065b,11.10,-0.2,-0.001,2.15,-1.00,-1536.77,2261
K2-021b,12.85,-0.4,-0.001,9.32,-1.00,-1229.25,664
Kepler-430b,13.97,-0.8,-0.001,35.97,-1.00,-294.73,868
Kepler-069b,13.89,-0.8,-0.001,13.72,-1.00,-619.66,1017
K2-155b,12.81,-0.5,-0.001,6.34,-1.00,-1301.54,698
K2-288,12.76,-0.6,-0.001,27.36,-1.00,-701.29,421
K2-233c,10.73,-0.2,-0.001,7.06,-1.00,-1747.40,947
K2-138b,12.21,-0.5,-0.001,2.35,-1.00,-1264.62,1556
K2-021c,12.85,-0.6,-0.001,15.50,-1.00,-847.66,561
K2-133d,14.00,-1.1,-0.001,11.02,-1.00,-765.02,518
K2-026b,14.53,-1.6,-0.001,14.57,-1.00,-512.12,505
K2-155c,12.81,-0.8,-0.001,13.85,-1.00,-818.69,537
K2-233b,10.73,-0.4,-0.002,2.47,-1.00,-1593.98,1345
K2-095,17.07,-7.5,-0.002,10.13,-1.00,-257.92,494
LHS_3844,15.26,-3.6,-0.002,0.46,-1.00,-1780.13,959
Kepler-421,13.56,-1.8,-0.002,704.20,-1.00,-180.08,240
Kepler-065c,11.10,-0.8,-0.003,5.86,-1.00,-468.55,1622
EPIC_248435473e,11.81,-1.2,-0.003,19.48,-1.00,-521.56,560
K2-028,16.06,-8.5,-0.003,2.26,-1.00,-472.66,716
K2-138f,12.21,-1.6,-0.004,12.76,-1.00,-393.43,886
K2-138c,12.21,-1.7,-0.004,3.56,-1.00,-489.61,1355
K2-138d,12.21,-1.7,-0.004,5.41,-1.00,-441.28,1179
EPIC_248435473d,11.81,-1.6,-0.005,14.70,-1.00,-445.03,615
Wolf_503,10.28,-1.0,-0.006,6.00,-1.00,-755.75,940
K2-233d,10.73,-1.2,-0.006,24.37,-1.00,-446.92,627
K2-138e,12.21,-2.9,-0.007,8.26,-1.00,-286.76,1024
NLTT_41135,16.50,-30.2,-0.010,2.89,33.70,835.31,548
K2-100,10.52,-3.1,-0.016,1.67,-1.00,-261.28,1855
EPIC_248435473b,11.81,-6.1,-0.017,0.66,-1.00,-366.66,1732
Kepler-167e,14.29,-20.1,-0.018,1071.23,-1.00,-30.20,174
Kepler-730b,15.80,-79.3,-0.036,6.49,-1.00,-20.48,1447
