Name,Kmag,Depth (Em),Depth (Rf),Noise,Albedo,Eq Temp,Mass
-,-,ppm,ppm,ppm,-,K,M_jup
WASP-033,7.47,2795.6,0.0,38.3,0.00,3252,2.16
KELT-09,7.48,2090.9,0.0,38.5,0.00,4817,2.88
HD_189733,5.54,613.9,0.0,15.7,0.00,1417,1.15
WASP-018,8.13,1924.5,0.0,51.9,0.00,2868,10.52
KELT-20,7.42,1356.4,0.0,37.4,0.00,2687,0.00
WASP-121,9.37,3178.8,0.0,91.9,0.00,2804,1.18
WASP-076,8.24,1858.6,0.0,54.6,0.00,2595,0.92
WASP-189,6.06,647.0,0.0,20.0,0.00,3141,2.13
HD_209458,6.31,639.4,0.0,22.4,0.00,1735,0.71
WASP-077,8.40,1491.8,0.0,58.8,0.00,2028,1.76
WASP-012,10.19,3273.6,0.0,134.0,0.00,3046,1.47
KELT-07,7.54,953.9,0.0,39.5,0.00,2438,1.28
WASP-019,10.48,3480.8,0.0,153.1,0.00,2471,1.14
MASCARA-1,7.74,944.6,0.0,43.4,0.00,3027,3.70
WASP-074,8.22,1112.0,0.0,54.1,0.00,2287,0.95
WASP-043,9.27,1778.7,0.0,87.7,0.00,1714,2.03
WASP-122,9.42,1856.0,0.0,94.0,0.00,2333,1.28
WASP-103,10.77,3318.7,0.0,175.0,0.00,2961,1.47
HD_202772,7.15,569.2,0.0,33.0,0.00,2576,1.01
K2-031,8.87,1239.5,0.0,73.0,0.00,2078,1.86
HAT-P-32,9.99,2017.7,0.0,122.2,0.00,2143,0.80
KELT-04,8.69,1101.0,0.0,67.2,0.00,2169,0.90
KELT-16,10.64,2465.6,0.0,164.9,0.00,2917,2.75
WASP-003,9.36,1345.3,0.0,91.4,0.00,2372,1.77
KELT-17,8.65,953.2,0.0,65.9,0.00,2481,1.31
WASP-082,8.76,957.2,0.0,69.4,0.00,2624,1.25
WASP-014,8.62,865.4,0.0,65.0,0.00,2212,7.59
WASP-087,9.60,1338.3,0.0,102.1,0.00,2749,2.18
WASP-095,8.56,827.6,0.0,63.3,0.00,1923,1.13
WASP-140,9.17,1070.2,0.0,83.8,0.00,1577,2.44
KELT-01,9.44,1184.4,0.0,94.9,0.00,2882,27.38
TrES-3,10.61,2021.0,0.0,162.6,0.00,1949,1.90
KELT-08,9.18,1041.5,0.0,84.2,0.00,1994,0.87
KELT-11,6.12,250.8,0.0,20.6,0.00,2026,0.17
HAT-P-57,9.43,1130.1,0.0,94.4,0.00,2614,0.00
KELT-03,8.66,788.2,0.0,66.2,0.00,2161,1.48
WASP-167,9.76,1287.8,0.0,109.9,0.00,2771,0.00
WASP-111,9.00,898.4,0.0,77.5,0.00,2523,1.83
WASP-004,10.75,1998.8,0.0,173.4,0.00,1991,1.25
CoRoT-02,10.31,1623.9,0.0,141.6,0.00,1810,3.57
NLTT_41135,-1.00,8.8,0.0,0.8,0.00,548,33.70
KELT-19,9.20,961.1,0.0,84.9,0.00,2305,0.00
WASP-173,10.00,1356.0,0.0,122.8,0.00,2187,3.69
KELT-02,7.35,399.0,0.0,36.2,0.00,2037,1.52
HAT-P-07,9.33,975.3,0.0,90.2,0.00,2636,1.87
HAT-P-36,10.60,1706.6,0.0,161.8,0.00,2128,1.85
HAT-P-41,9.73,1132.7,0.0,108.4,0.00,2303,0.80
KELT-18,9.21,887.4,0.0,85.3,0.00,2477,1.18
WASP-054,9.04,803.1,0.0,78.9,0.00,2186,0.64
HAT-P-67,8.90,749.7,0.0,74.0,0.00,2298,0.00
WASP-094,8.87,737.0,0.0,73.0,0.00,1920,0.45
K2-237,10.22,1362.4,0.0,135.9,0.00,2158,1.23
WASP-100,9.67,1037.5,0.0,105.5,0.00,2618,2.03
HAT-P-30,9.15,814.6,0.0,83.0,0.00,1957,0.71
HATS-24,11.38,2262.7,0.0,231.8,0.00,2469,2.44
WASP-093,9.94,1162.9,0.0,119.4,0.00,2311,1.47
HAT-P-23,10.79,1673.8,0.0,176.6,0.00,2321,2.07
WASP-079,9.06,745.7,0.0,79.6,0.00,2041,0.86
WASP-085,8.73,640.2,0.0,68.4,0.00,1596,1.26
WASP-097,9.03,734.8,0.0,78.5,0.00,1842,1.32
HD_002685,8.60,591.4,0.0,64.4,0.00,2050,1.18
HAT-P-13,8.97,684.0,0.0,76.4,0.00,2052,0.91
WASP-163,10.15,1171.7,0.0,131.6,0.00,1948,1.87
HD_149026,6.82,252.2,0.0,28.4,0.00,2107,0.37
HAT-P-08,8.95,665.4,0.0,75.7,0.00,2061,1.27
HAT-P-49,9.35,799.2,0.0,91.0,0.00,2530,1.73
WASP-135,11.04,1721.7,0.0,198.2,0.00,2047,1.90
Kepler-013,9.43,818.2,0.0,94.4,0.00,2594,6.00
WASP-017,10.22,1176.8,0.0,135.9,0.00,2085,0.48
XO-3,8.79,609.1,0.0,70.3,0.00,2056,11.83
HAT-P-56,9.83,970.1,0.0,113.5,0.00,2188,2.18
WASP-078,11.01,1630.7,0.0,195.5,0.00,2799,0.86
WASP-052,10.09,1060.9,0.0,128.0,0.00,1564,0.43
HATS-18,12.29,2889.0,0.0,352.5,0.00,2444,1.98
WASP-101,9.07,642.0,0.0,80.0,0.00,1847,0.50
HAT-P-22,7.84,346.7,0.0,45.4,0.00,1538,2.19
WASP-050,9.97,910.1,0.0,121.1,0.00,1714,1.44
KELT-21,10.09,961.6,0.0,128.0,0.00,2440,0.00
WASP-048,10.37,1092.3,0.0,145.6,0.00,2327,0.91
Qatar-1,10.41,1103.5,0.0,148.3,0.00,1652,1.29
WASP-104,9.88,863.3,0.0,116.2,0.00,1792,1.31
HAT-P-33,10.00,904.0,0.0,122.8,0.00,2117,0.76
WASP-036,11.29,1624.7,0.0,222.4,0.00,2062,2.36
WASP-001,10.28,1014.5,0.0,139.7,0.00,2172,0.85
WASP-007,8.40,423.9,0.0,58.8,0.00,1820,0.98
55_Cnc_e,4.01,54.9,0.0,7.8,0.00,2363,0.03
WASP-035,9.53,694.7,0.0,98.9,0.00,1750,0.72
WASP-005,10.60,1133.9,0.0,161.8,0.00,2085,1.59
CoRoT-01,12.15,2311.0,0.0,330.4,0.00,2279,1.03
WASP-064,10.96,1327.8,0.0,191.0,0.00,2012,1.27
WASP-127,8.64,454.9,0.0,65.6,0.00,1705,0.18
XO-6,9.25,601.5,0.0,86.9,0.00,1875,1.90
WASP-071,9.32,620.0,0.0,89.8,0.00,2479,2.24
WASP-075,10.06,861.6,0.0,126.2,0.00,2030,1.08
WASP-024,10.15,897.8,0.0,131.6,0.00,2108,1.11
WASP-072,9.62,701.1,0.0,103.1,0.00,2619,1.46
HATS-35,11.12,1397.2,0.0,205.6,0.00,2418,1.22
WASP-123,9.36,620.1,0.0,91.4,0.00,1807,0.90
HAT-P-06,9.31,603.1,0.0,89.4,0.00,2027,1.06
Qatar-2,10.62,1088.6,0.0,163.3,0.00,1528,2.47
TrES-2,9.85,762.2,0.0,114.6,0.00,1744,1.21
KELT-15,9.85,761.9,0.0,114.6,0.00,1950,1.20
WASP-108,9.80,740.7,0.0,112.0,0.00,1903,0.89
WASP-013,9.12,540.1,0.0,81.9,0.00,1884,0.51
TrES-4,10.33,942.9,0.0,142.9,0.00,2138,0.49
WASP-046,11.40,1511.9,0.0,233.9,0.00,1947,1.91
WASP-114,11.07,1284.3,0.0,201.0,0.00,2412,1.77
Qatar-7,11.56,1591.3,0.0,251.8,0.00,2441,1.88
WASP-062,8.94,475.1,0.0,75.4,0.00,1697,0.57
HAT-P-16,9.55,625.1,0.0,99.8,0.00,1864,4.19
WASP-026,9.69,660.9,0.0,106.4,0.00,1963,1.02
HAT-P-02,7.60,250.7,0.0,40.7,0.00,1801,8.74
HATS-52,12.11,1972.5,0.0,324.4,0.00,2230,2.24
WASP-145,9.19,513.9,0.0,84.5,0.00,1434,0.89
WASP-109,10.20,815.3,0.0,134.6,0.00,2016,0.91
WASP-015,9.69,630.5,0.0,106.4,0.00,2046,0.59
HATS-67,12.33,2119.3,0.0,359.0,0.00,2596,1.48
HAT-P-45,10.20,789.6,0.0,134.6,0.00,1961,0.89
WASP-119,10.55,923.2,0.0,158.2,0.00,1863,1.23
HATS-02,11.39,1340.2,0.0,232.9,0.00,1873,1.34
WASP-002,9.63,595.5,0.0,103.5,0.00,1530,0.88
HAT-P-04,9.77,616.5,0.0,110.4,0.00,2072,0.68
KELT-10,9.34,501.9,0.0,90.6,0.00,1637,0.68
HATS-23,12.26,1917.9,0.0,347.6,0.00,1969,1.47
HAT-P-01,8.86,398.3,0.0,72.6,0.00,1574,0.53
WASP-164,10.96,1046.6,0.0,191.0,0.00,1913,2.13
HAT-P-65,11.53,1341.8,0.0,248.4,0.00,2296,0.53
WASP-049,9.75,590.4,0.0,109.4,0.00,1663,0.40
WASP-120,9.88,625.4,0.0,116.2,0.00,2231,4.85
WASP-016,9.59,536.9,0.0,101.6,0.00,1652,0.83
NGTS-3,12.81,2362.2,0.0,447.8,0.00,2029,2.38
NGTS-2,9.80,575.7,0.0,112.0,0.00,1948,0.67
WASP-031,10.65,847.3,0.0,165.6,0.00,1836,0.48
EPIC_246911830,11.09,1034.2,0.0,202.8,0.00,2361,1.42
WASP-092,11.52,1257.3,0.0,247.2,0.00,2236,0.81
WASP-032,10.16,665.9,0.0,132.2,0.00,1857,3.60
WASP-142,11.44,1198.1,0.0,238.3,0.00,2389,0.84
XO-4,9.41,469.9,0.0,93.6,0.00,1953,1.61
HATS-33,10.29,688.1,0.0,140.3,0.00,1699,1.19
XO-2,9.31,435.5,0.0,89.4,0.00,1606,0.60
WASP-081,10.89,900.7,0.0,185.0,0.00,1935,0.73
HAT-P-14,8.85,351.6,0.0,72.3,0.00,1932,2.27
TrES-5,11.59,1225.4,0.0,255.3,0.00,1766,1.79
WASP-065,10.35,682.1,0.0,144.2,0.00,1766,1.55
WASP-090,10.25,647.5,0.0,137.8,0.00,2192,0.63
WASP-118,9.79,516.5,0.0,111.5,0.00,2085,0.52
HATS-65,11.10,941.1,0.0,203.8,0.00,2047,0.79
WASP-137,9.46,441.7,0.0,95.7,0.00,1893,0.68
WASP-136,8.81,325.3,0.0,71.0,0.00,2072,1.51
HAT-P-40,10.01,561.2,0.0,123.3,0.00,2100,0.61
WASP-034,8.79,318.8,0.0,70.3,0.00,1378,0.59
WASP-041,9.68,478.9,0.0,105.9,0.00,1478,0.98
WASP-131,8.57,286.6,0.0,63.5,0.00,1713,0.27
HAT-P-47,9.40,419.8,0.0,93.1,0.00,1908,0.21
HATS-56,10.25,608.3,0.0,137.8,0.00,2268,0.60
HAT-P-05,10.48,667.1,0.0,153.1,0.00,1804,1.06
WTS-2,13.41,2562.7,0.0,590.3,0.00,1826,1.12
K2-034,10.19,577.7,0.0,134.0,0.00,1987,1.65
WASP-063,9.39,394.6,0.0,92.7,0.00,1876,0.38
WASP-069,7.46,162.2,0.0,38.1,0.00,1142,0.26
KPS-1,10.93,753.7,0.0,188.4,0.00,1720,1.09
WASP-168,10.44,599.7,0.0,150.3,0.00,1598,0.42
HATS-57,10.71,671.7,0.0,170.3,0.00,1701,3.15
Kepler-017,12.59,1589.4,0.0,404.7,0.00,2036,2.34
WASP-088,10.32,553.7,0.0,142.3,0.00,2097,0.56
HATS-03,10.69,648.5,0.0,168.7,0.00,1960,1.07
WASP-073,9.03,299.3,0.0,78.5,0.00,2119,1.88
HAT-P-50,10.50,583.3,0.0,154.6,0.00,2205,1.35
CoRoT-11,11.25,821.6,0.0,218.3,0.00,2033,2.34
WASP-170,10.76,652.3,0.0,174.2,0.00,1694,1.60
WASP-172,10.13,484.0,0.0,130.3,0.00,2076,0.47
XO-1,9.53,366.2,0.0,98.9,0.00,1432,0.91
HATS-26,11.44,882.4,0.0,238.3,0.00,2285,0.65
HAT-P-24,10.54,582.5,0.0,157.4,0.00,1930,0.68
WASP-068,8.95,278.1,0.0,75.7,0.00,1769,0.95
HATS-01,10.58,588.8,0.0,160.4,0.00,1628,1.85
WASP-070,9.58,368.4,0.0,101.2,0.00,1635,0.59
HAT-P-20,8.60,232.1,0.0,64.4,0.00,1146,7.22
HATS-70,12.04,1125.2,0.0,314.1,0.00,3273,12.90
WASP-066,10.45,538.5,0.0,151.0,0.00,2143,2.32
HATS-34,12.10,1148.8,0.0,322.9,0.00,1716,0.94
HAT-P-53,12.10,1145.0,0.0,322.9,0.00,2113,1.48
WASP-099,8.09,180.3,0.0,50.9,0.00,1747,2.78
HAT-P-39,11.16,739.6,0.0,209.5,0.00,2054,0.60
Qatar-4,11.52,860.5,0.0,247.2,0.00,1647,6.10
WASP-153,11.05,691.0,0.0,199.1,0.00,2036,0.39
WASP-133,11.18,731.1,0.0,211.4,0.00,2112,1.16
WASP-020,9.39,319.2,0.0,92.7,0.00,1501,0.38
WASP-028,10.73,568.4,0.0,171.8,0.00,1727,0.89
WASP-102,11.11,673.0,0.0,204.7,0.00,1962,0.62
TrES-1,9.82,370.8,0.0,113.0,0.00,1364,0.76
HATS-51,10.87,601.1,0.0,183.3,0.00,1840,0.77
WASP-006,10.32,461.7,0.0,142.3,0.00,1408,0.48
K2-029,10.06,408.6,0.0,126.2,0.00,1388,0.73
WASP-022,10.32,459.6,0.0,142.3,0.00,1787,0.62
WASP-038,8.00,156.3,0.0,48.9,0.00,1484,2.69
HAT-P-66,11.68,843.5,0.0,266.1,0.00,2260,0.78
HAT-P-46,9.93,375.2,0.0,118.9,0.00,1726,0.49
WASP-021,9.98,379.0,0.0,121.6,0.00,1621,0.28
HATS-31,11.57,787.7,0.0,253.0,0.00,2170,0.88
WASP-025,10.17,412.9,0.0,132.8,0.00,1440,0.60
HATS-09,11.48,753.8,0.0,242.7,0.00,2161,0.82
HAT-P-34,9.25,267.1,0.0,86.9,0.00,1759,3.33
WASP-091,9.71,323.5,0.0,107.4,0.00,1360,1.34
WASP-126,9.60,304.9,0.0,102.1,0.00,1769,0.28
WASP-190,10.65,488.0,0.0,165.6,0.00,1803,1.00
HATS-30,10.79,515.1,0.0,176.6,0.00,1682,0.71
K2-107,11.21,610.8,0.0,214.3,0.00,2106,0.84
HAT-P-09,11.02,557.6,0.0,196.4,0.00,1832,0.78
WASP-055,10.40,418.0,0.0,147.6,0.00,1547,0.63
WASP-039,10.20,379.6,0.0,134.6,0.00,1387,0.28
WASP-113,10.31,396.3,0.0,141.6,0.00,1766,0.47
HAT-P-03,9.45,264.6,0.0,95.3,0.00,1393,0.59
WASP-058,10.29,388.8,0.0,140.3,0.00,1519,0.89
HATS-42,12.25,956.7,0.0,346.0,0.00,2201,1.88
Qatar-6,9.23,237.3,0.0,86.1,0.00,1197,0.67
HAT-P-35,11.03,542.8,0.0,197.3,0.00,1902,1.05
Qatar-3,11.22,583.4,0.0,215.3,0.00,1998,4.31
WASP-146,11.14,552.7,0.0,207.5,0.00,1828,1.11
HAT-P-27,10.11,343.9,0.0,129.2,0.00,1439,0.66
Kepler-412,12.84,1190.1,0.0,454.0,0.00,2175,0.94
HD_001397,5.99,49.7,0.0,19.4,0.00,1460,0.42
HATS-68,10.95,480.8,0.0,190.2,0.00,2138,1.29
WASP-138,10.49,387.4,0.0,153.9,0.00,1896,1.22
WASP-124,11.31,561.7,0.0,224.4,0.00,1654,0.60
WASP-128,10.94,470.1,0.0,189.3,0.00,1933,37.19
Qatar-5,10.96,470.6,0.0,191.0,0.00,1682,4.32
HAT-P-28,11.10,495.6,0.0,203.8,0.00,1642,0.63
WASP-174,10.58,387.1,0.0,160.4,0.00,1777,0.00
HATS-12,11.39,559.4,0.0,232.9,0.00,2495,2.39
HATS-39,11.52,593.3,0.0,247.2,0.00,1958,0.63
WASP-037,11.09,475.5,0.0,202.8,0.00,1615,1.80
HATS-21,10.53,361.2,0.0,156.7,0.00,1526,0.33
WASP-060,10.59,367.2,0.0,161.1,0.00,1760,0.56
WASP-023,10.45,344.1,0.0,151.0,0.00,1344,0.92
WASP-141,11.19,483.2,0.0,212.4,0.00,1875,2.69
WASP-080,8.35,129.8,0.0,57.4,0.00,981,0.56
WASP-098,11.28,499.4,0.0,221.4,0.00,1393,0.92
Kepler-041,12.89,1044.3,0.0,464.6,0.00,2127,0.56
WASP-110,10.70,376.3,0.0,169.5,0.00,1360,0.51
HATS-19,11.51,545.7,0.0,246.1,0.00,1843,0.43
WASP-159,11.02,434.1,0.0,196.4,0.00,2155,0.55
HAT-P-48,10.26,305.8,0.0,138.4,0.00,1618,0.17
WASP-061,11.01,431.5,0.0,195.5,0.00,1851,2.06
HAT-P-31,10.08,280.7,0.0,127.4,0.00,1729,2.17
HATS-16,12.28,771.3,0.0,350.8,0.00,1892,3.27
WASP-057,11.24,474.6,0.0,217.3,0.00,1593,0.64
WASP-096,10.91,404.9,0.0,186.7,0.00,1518,0.48
HATS-58,10.29,304.1,0.0,140.3,0.00,1842,1.03
HATS-11,12.24,746.3,0.0,344.4,0.00,1944,0.83
WASP-047b,10.19,286.5,0.0,134.0,0.00,1508,1.14
HATS-60,10.99,409.3,0.0,193.7,0.00,1819,0.65
WASP-161,9.84,240.6,0.0,114.1,0.00,1853,2.49
WASP-165,11.02,414.0,0.0,196.4,0.00,1878,0.66
HATS-15,12.72,905.5,0.0,429.6,0.00,1776,2.17
HAT-P-37,11.67,557.3,0.0,264.9,0.00,1517,1.17
Kepler-012,12.07,668.0,0.0,318.5,0.00,1767,0.43
KELT-06,9.08,167.5,0.0,80.4,0.00,1561,0.43
WASP-044,11.34,472.5,0.0,227.6,0.00,1552,0.87
HATS-40,12.15,685.5,0.0,330.4,0.00,2491,1.59
WASP-112,11.90,600.7,0.0,294.5,0.00,1648,0.88
HATS-64,11.71,544.8,0.0,269.8,0.00,2159,0.93
HAT-P-21,10.11,256.9,0.0,129.2,0.00,1516,4.06
HATS-27,11.55,496.7,0.0,250.7,0.00,1970,0.53
HAT-P-42,10.63,323.9,0.0,164.1,0.00,1699,1.04
WASP-045,10.29,276.5,0.0,140.3,0.00,1392,1.00
EPIC_248435473b,8.90,141.9,0.0,74.0,0.00,1732,-1.00
WASP-143,11.32,432.5,0.0,225.5,0.00,1538,0.72
WASP-010,9.98,231.0,0.0,121.6,0.00,1150,3.14
HAT-P-43,11.76,522.5,0.0,276.1,0.00,1615,0.66
WASP-158,10.88,347.8,0.0,184.1,0.00,1888,2.79
WASP-011,9.42,176.3,0.0,94.0,0.00,1180,0.49
Kepler-007,11.54,466.7,0.0,249.5,0.00,1927,0.45
CoRoT-18,13.01,914.0,0.0,491.0,0.00,1727,3.30
K2-141b,8.40,109.1,0.0,58.8,0.00,2572,0.02
HAT-P-25,10.81,325.4,0.0,178.3,0.00,1401,0.57
XO-5,10.35,261.3,0.0,144.2,0.00,1442,1.19
WASP-053,10.39,263.9,0.0,146.9,0.00,1252,2.13
Kepler-008,12.29,612.8,0.0,352.5,0.00,1978,0.59
HATS-41,11.50,424.0,0.0,245.0,0.00,1995,9.70
HATS-04,11.61,445.4,0.0,257.7,0.00,1566,1.32
HATS-66,12.76,754.8,0.0,437.6,0.00,2337,5.50
WASP-144,10.90,320.1,0.0,185.8,0.00,1437,0.44
WASP-030,10.20,229.2,0.0,134.6,0.00,1778,62.50
HATS-29,10.88,313.3,0.0,184.1,0.00,1439,0.65
HATS-13,11.98,513.4,0.0,305.6,0.00,1481,0.54
Kepler-006,11.63,436.1,0.0,260.1,0.00,1726,0.63
HAT-P-55,11.63,435.7,0.0,260.1,0.00,1561,0.58
Kepler-005,11.77,458.0,0.0,277.4,0.00,2013,2.03
HATS-63,12.22,562.3,0.0,341.3,0.00,1666,0.96
WASP-067,10.13,213.0,0.0,130.3,0.00,1243,0.41
K2-030,11.09,325.1,0.0,202.8,0.00,1391,0.62
HATS-25,11.42,375.1,0.0,236.1,0.00,1518,0.61
HATS-69,11.88,462.1,0.0,291.8,0.00,1583,0.00
EPIC_246067459,12.03,488.6,0.0,312.7,0.00,1898,0.86
HATS-53,12.05,491.5,0.0,315.6,0.00,1558,0.59
WASP-157,10.76,270.7,0.0,174.2,0.00,1551,0.57
Kepler-423,12.78,669.1,0.0,441.7,0.00,1641,0.59
WASP-056,10.53,234.6,0.0,156.7,0.00,1449,0.57
Kepler-447,10.81,266.2,0.0,178.3,0.00,1247,1.37
WASP-151,11.19,315.6,0.0,212.4,0.00,1560,0.36
HATS-28,12.09,477.1,0.0,321.4,0.00,1489,0.67
HATS-32,12.70,618.8,0.0,425.7,0.00,1707,0.92
WASP-147,10.86,264.0,0.0,182.4,0.00,1633,0.28
HATS-54,12.17,473.7,0.0,333.5,0.00,1875,0.76
HATS-45,12.14,464.6,0.0,328.9,0.00,1807,0.70
WASP-029,8.78,97.8,0.0,70.0,0.00,1176,0.24
WASP-166,8.03,69.1,0.0,49.6,0.00,1512,0.10
WASP-160,11.06,277.7,0.0,200.0,0.00,1331,0.28
WASP-042,10.03,172.6,0.0,124.5,0.00,1215,0.53
HAT-P-52,11.62,358.7,0.0,258.9,0.00,1447,0.82
HAT-P-19,10.55,217.2,0.0,158.2,0.00,1200,0.29
CoRoT-19,11.84,393.3,0.0,286.5,0.00,1938,1.09
HAT-P-51,11.61,352.5,0.0,257.7,0.00,1416,0.31
WASP-008,8.09,68.6,0.0,50.9,0.00,1103,2.25
HAT-P-29,10.30,188.4,0.0,141.0,0.00,1512,0.77
HAT-P-12,10.11,172.3,0.0,129.2,0.00,1136,0.20
HATS-10,11.51,321.1,0.0,246.1,0.00,1673,0.53
HAT-P-44,11.28,284.2,0.0,221.4,0.00,1314,0.35
EPIC_246851721,9.89,149.6,0.0,116.7,0.00,1681,0.00
CoRoT-14,13.81,907.8,0.0,709.7,0.00,2303,7.67
HATS-55,12.02,397.8,0.0,311.2,0.00,1594,0.92
HATS-14,12.04,401.2,0.0,314.1,0.00,1516,1.07
WASP-089,11.00,237.6,0.0,194.6,0.00,1290,5.90
CoRoT-05,12.55,483.6,0.0,397.3,0.00,1660,0.46
CoRoT-12,13.56,747.3,0.0,632.6,0.00,1683,0.87
HATS-44,12.17,393.4,0.0,333.5,0.00,1403,0.56
Kepler-043,12.55,461.8,0.0,397.3,0.00,1906,3.09
K2-096b,7.07,35.2,0.0,31.8,0.00,2077,0.02
HD_221416,6.04,21.7,0.0,19.8,0.00,1429,0.20
WASP-083,10.39,160.6,0.0,146.9,0.00,1326,0.30
CoRoT-23,12.36,396.9,0.0,364.0,0.00,2035,3.06
HATS-62,12.11,352.8,0.0,324.4,0.00,1491,0.00
CoRoT-03,11.62,277.5,0.0,258.9,0.00,1963,21.96
K2-232,8.43,60.9,0.0,59.6,0.00,1189,0.41
HATS-50,12.29,359.5,0.0,352.5,0.00,1616,0.39
K2-140,11.00,190.4,0.0,194.6,0.00,1325,1.02
WASP-117,8.78,67.6,0.0,70.0,0.00,1218,0.28
WASP-086,9.36,83.2,0.0,91.4,0.00,1647,0.82
EPIC_219388192,10.73,156.3,0.0,171.8,0.00,1384,36.84
Kepler-014,10.99,175.4,0.0,193.7,0.00,1909,7.68
Kepler-091,10.14,117.2,0.0,130.9,0.00,2411,0.73
Kepler-435,12.29,313.1,0.0,352.5,0.00,2032,0.84
HATS-36,12.81,395.6,0.0,447.8,0.00,1627,3.22
WASP-129,10.41,129.1,0.0,148.3,0.00,1281,1.00
Kepler-044,12.88,395.8,0.0,462.5,0.00,1830,1.00
HATS-43,11.56,215.4,0.0,251.8,0.00,1185,0.26
Kepler-015,12.22,290.3,0.0,341.3,0.00,1487,0.70
CoRoT-21,13.81,592.3,0.0,709.7,0.00,2431,2.26
Kepler-426,13.21,441.9,0.0,538.4,0.00,1548,0.34
HD_219134b,3.26,4.4,0.0,5.5,0.00,1207,0.01
Kepler-433,12.83,349.3,0.0,452.0,0.00,2097,2.82
HAT-P-38,10.50,116.5,0.0,154.6,0.00,1284,0.27
CoRoT-13,13.38,426.7,0.0,582.2,0.00,1704,1.31
CoRoT-17,12.47,279.6,0.0,382.9,0.00,1910,2.46
HATS-05,10.70,122.2,0.0,169.5,0.00,1219,0.24
Kepler-077,12.36,261.7,0.0,364.0,0.00,1485,0.43
NGTS-1,11.94,213.3,0.0,300.0,0.00,941,0.81
CoRoT-15,13.39,413.7,0.0,584.9,0.00,1984,64.90
K2-060,10.99,134.7,0.0,193.7,0.00,1573,0.43
WASP-106,10.16,90.2,0.0,132.2,0.00,1341,1.93
HD_017156,6.76,18.8,0.0,27.6,0.00,1051,3.26
CoRoT-28,11.03,133.2,0.0,197.3,0.00,1622,0.48
HAT-P-54,10.33,93.6,0.0,142.9,0.00,975,0.76
CoRoT-27,12.98,309.5,0.0,484.3,0.00,1612,10.39
CoRoT-26,13.26,347.1,0.0,550.9,0.00,1870,0.52
pi_Men,4.24,5.3,0.0,8.7,0.00,1388,0.02
Kepler-424,12.47,226.1,0.0,382.9,0.00,1447,1.03
WTS-1,15.27,798.2,0.0,1390.3,0.00,1773,4.01
HATS-61,11.48,138.9,0.0,242.7,0.00,1483,3.40
K2-039,8.52,34.5,0.0,62.1,0.00,2012,0.12
HATS-59,12.24,191.5,0.0,344.4,0.00,1339,0.81
Kepler-448,10.23,75.9,0.0,136.5,0.00,1285,1.10
CoRoT-25,12.85,253.4,0.0,456.1,0.00,1572,0.37
NGTS-4,11.07,110.0,0.0,201.0,0.00,1961,0.07
WASP-107,8.64,35.9,0.0,65.6,0.00,876,0.12
CoRoT-29,13.05,270.9,0.0,500.1,0.00,1449,0.85
WASP-084,8.86,39.3,0.0,72.6,0.00,953,0.69
K2-135b,7.19,18.1,0.0,33.7,0.00,1397,0.02
HATS-08,12.66,220.1,0.0,417.9,0.00,1571,0.14
Kepler-078,9.59,53.2,0.0,101.6,0.00,2678,0.01
WASP-134,9.41,49.0,0.0,93.6,0.00,1146,1.41
HATS-20,11.86,145.4,0.0,289.1,0.00,1362,0.27
HAT-P-18,10.23,68.3,0.0,136.5,0.00,1000,0.20
K2-113,11.95,149.0,0.0,301.4,0.00,1377,1.29
Kepler-428,13.23,265.9,0.0,543.4,0.00,1269,1.27
HAT-P-26,9.58,49.2,0.0,101.2,0.00,1165,0.06
Kepler-040,13.27,264.9,0.0,553.5,0.00,2076,2.16
HAT-P-17,8.54,29.4,0.0,62.7,0.00,927,0.53
WASP-156,9.34,42.1,0.0,90.6,0.00,1153,0.13
K2-100,9.18,39.1,0.0,84.2,0.00,1855,-1.00
CoRoT-16,12.85,211.5,0.0,456.1,0.00,1422,0.54
HATS-22,10.94,87.4,0.0,189.3,0.00,1020,2.74
HATS-46,11.97,138.0,0.0,304.2,0.00,1256,0.17
HAT-P-15,9.64,46.6,0.0,104.0,0.00,1069,1.95
EPIC_201498078,8.89,32.6,0.0,73.6,0.00,1268,0.18
Kepler-425,12.81,192.8,0.0,447.8,0.00,1276,0.25
K2-099,9.72,46.2,0.0,107.9,0.00,1517,0.97
HD_219666,8.16,22.0,0.0,52.6,0.00,1275,0.05
HATS-07,10.98,79.8,0.0,192.8,0.00,1288,0.12
Kepler-422,12.04,124.5,0.0,314.1,0.00,1332,0.43
HAT-P-11,7.01,12.1,0.0,31.0,0.00,988,0.09
WASP-139,10.47,58.8,0.0,152.4,0.00,1092,0.12
K2-234,7.72,16.5,0.0,43.0,0.00,1253,0.11
EPIC_220501947,11.14,79.2,0.0,207.5,0.00,994,0.34
LHS_3844,9.15,31.3,0.0,83.0,0.00,959,-1.00
WASP-105,9.94,43.3,0.0,119.4,0.00,1007,1.80
K2-229b,9.05,28.7,0.0,79.3,0.00,2333,0.01
CoRoT-06,12.12,113.9,0.0,325.9,0.00,1220,2.96
CoRoT-33,12.71,148.4,0.0,427.7,0.00,1207,59.00
K2-106b,10.34,44.8,0.0,143.6,0.00,2652,0.02
CoRoT-07,9.81,34.4,0.0,112.5,0.00,2093,0.02
HATS-06,11.22,65.8,0.0,215.3,0.00,858,0.32
Kepler-010b,9.50,29.5,0.0,97.5,0.00,2602,0.01
WASP-162,10.47,45.9,0.0,152.4,0.00,1085,5.20
WASP-047c,10.19,40.4,0.0,134.0,0.00,2624,0.02
CoRoT-04,12.29,104.3,0.0,352.5,0.00,1259,0.73
Kepler-045,12.89,137.2,0.0,464.6,0.00,936,0.50
GJ_0436,6.07,5.9,0.0,20.1,0.00,753,0.08
WASP-132,9.67,28.2,0.0,105.5,0.00,905,0.41
Kepler-021,6.95,7.8,0.0,30.1,0.00,2409,0.02
WASP-130,9.46,24.4,0.0,95.7,0.00,989,1.23
Kepler-004,10.80,44.7,0.0,177.5,0.00,1928,0.07
K2-108,10.56,39.5,0.0,158.9,0.00,1735,0.19
Kepler-101b,12.01,73.8,0.0,309.8,0.00,1864,0.16
K2-137,10.88,43.5,0.0,184.1,0.00,1748,0.00
Kepler-427,12.78,103.4,0.0,441.7,0.00,1281,0.29
K2-055,10.47,30.8,0.0,152.4,0.00,1119,0.14
Kepler-074,12.96,94.4,0.0,479.8,0.00,1303,0.63
EPIC_247418783,8.35,11.3,0.0,57.4,0.00,1662,0.02
Kepler-503,13.04,92.8,0.0,497.8,0.00,1540,78.60
EPIC_249451861,9.19,15.5,0.0,84.5,0.00,976,0.32
Kepler-730b,14.10,146.7,0.0,811.1,0.00,1447,-1.00
CoRoT-20,12.51,68.6,0.0,390.0,0.00,1217,4.14
Kepler-063,10.00,17.6,0.0,122.8,0.00,1073,0.00
POTS-1,14.24,122.3,0.0,865.2,0.00,1001,2.31
HD_219134c,3.26,0.8,0.0,5.5,0.00,930,0.01
K2-265,9.26,12.0,0.0,87.3,0.00,1690,0.02
K2-019b,11.16,25.9,0.0,209.5,0.00,1046,0.09
EPIC_246471491b,9.97,14.9,0.0,121.1,0.00,1295,0.03
Kepler-025c,9.49,11.6,0.0,97.1,0.00,1241,0.08
Kepler-068b,8.59,7.2,0.0,64.1,0.00,1491,0.02
CoRoT-08,11.46,26.9,0.0,240.5,0.00,1034,0.22
WASP-059,9.72,11.7,0.0,107.9,0.00,791,0.86
Kepler-434,13.04,53.2,0.0,497.8,0.00,1190,2.86
Kepler-056b,10.23,14.2,0.0,136.5,0.00,1780,0.07
Kepler-025b,9.49,10.1,0.0,97.1,0.00,1578,0.03
K2-233b,8.38,5.9,0.0,58.2,0.00,1345,-1.00
GJ_3470,7.99,4.9,0.0,48.7,0.00,769,0.04
HATS-71,11.73,27.1,0.0,272.3,0.00,726,0.45
CoRoT-32,12.19,32.7,0.0,336.6,0.00,1142,0.15
K2-216,9.86,10.9,0.0,115.1,0.00,1309,0.02
GJ_1214,8.78,6.4,0.0,70.0,0.00,679,0.02
K2-138c,10.31,12.9,0.0,141.6,0.00,1355,-1.00
HD_106315b,7.85,4.1,0.0,45.6,0.00,1352,0.04
Kepler-089d,10.93,17.0,0.0,188.4,0.00,1065,0.33
Kepler-056c,10.23,11.6,0.0,136.5,0.00,1404,0.57
EPIC_211945201,8.84,6.1,0.0,72.0,0.00,1055,0.09
Kepler-075,13.12,43.2,0.0,516.5,0.00,984,10.10
Kepler-065b,9.81,9.1,0.0,112.5,0.00,2261,-1.00
Kepler-065c,9.81,8.9,0.0,112.5,0.00,1622,-1.00
K2-032b,9.82,8.7,0.0,113.0,0.00,981,0.05
K2-027b,10.70,12.4,0.0,169.5,0.00,1094,0.10
HD_097658,5.73,1.2,0.0,17.2,0.00,902,0.02
EPIC_249624646b,9.42,6.8,0.0,94.0,0.00,1462,0.00
Kepler-088b,11.45,17.2,0.0,239.4,0.00,1242,0.03
HATS-17,10.70,11.6,0.0,169.5,0.00,968,1.34
K2-138b,10.31,9.5,0.0,141.6,0.00,1556,-1.00
Kepler-018c,11.76,18.1,0.0,276.1,0.00,1185,0.05
HD_106315c,7.85,2.9,0.0,45.6,0.00,1039,0.05
Kepler-093b,8.37,3.5,0.0,58.0,0.00,1348,0.01
K2-066,10.60,9.5,0.0,161.8,0.00,1784,0.07
K2-098,10.87,10.7,0.0,183.3,0.00,1309,0.10
Kepler-089c,10.93,10.2,0.0,188.4,0.00,1373,0.05
Kepler-410,8.14,2.8,0.0,52.1,0.00,1214,0.00
Kepler-009d,12.34,18.5,0.0,360.7,0.00,1969,-1.00
K2-111,9.38,4.7,0.0,92.3,0.00,1462,0.03
K2-038b,9.47,4.8,0.0,96.2,0.00,1539,0.04
K2-138d,10.31,6.9,0.0,141.6,0.00,1179,-1.00
WASP-047d,10.19,6.3,0.0,134.0,0.00,1162,0.04
Wolf_503,7.62,1.9,0.0,41.0,0.00,940,-1.00
Kepler-050c,9.20,3.8,0.0,84.9,0.00,1521,0.00
EPIC_211418729,12.30,15.9,0.0,354.1,0.00,858,1.85
Kepler-039,12.92,21.0,0.0,471.1,0.00,1011,19.10
Kepler-080f,12.25,14.8,0.0,346.0,0.00,1620,-1.00
CoRoT-22,11.99,12.1,0.0,307.0,0.00,1197,0.00
K2-135c,7.19,1.3,0.0,33.7,0.00,967,0.00
Kepler-020b,10.87,7.2,0.0,183.3,0.00,1438,0.03
EPIC_211442297,11.72,10.1,0.0,271.1,0.00,807,0.84
Kepler-050b,9.20,3.1,0.0,84.9,0.00,1617,0.00
Kepler-089b,10.93,6.7,0.0,188.4,0.00,1932,0.03
KOI-205,12.66,14.8,0.0,417.9,0.00,909,40.80
Kepler-432,10.12,4.2,0.0,129.7,0.00,1057,5.41
Kepler-018b,11.76,8.8,0.0,276.1,0.00,1537,0.02
K2-138e,10.31,4.5,0.0,141.6,0.00,1024,-1.00
Kepler-117b,13.01,14.2,0.0,491.0,0.00,1176,0.09
CoRoT-10,11.78,8.0,0.0,278.7,0.00,770,2.78
K2-135d,7.19,0.9,0.0,33.7,0.00,810,0.01
K2-024b,9.18,2.2,0.0,84.2,0.00,885,0.06
Kepler-018d,11.76,7.2,0.0,276.1,0.00,949,0.05
K2-028,10.75,4.2,0.0,173.4,0.00,716,-1.00
EPIC_249624646c,9.42,2.2,0.0,94.0,0.00,804,0.77
CoRoT-24b,12.92,11.0,0.0,471.1,0.00,1112,0.00
K2-038c,9.47,2.2,0.0,96.2,0.00,1115,0.03
Kepler-032f,12.75,9.9,0.0,435.6,0.00,1575,-1.00
EPIC_246471491c,9.97,2.5,0.0,121.1,0.00,882,0.05
Kepler-036c,10.79,3.6,0.0,176.6,0.00,1207,0.02
GJ_1132,8.32,1.1,0.0,56.6,0.00,696,0.01
K2-229c,9.05,1.5,0.0,79.3,0.00,962,0.00
K2-019c,11.16,3.7,0.0,209.5,0.00,913,0.08
Kepler-065d,9.81,2.0,0.0,112.5,0.00,1459,0.00
Kepler-1655,9.79,1.9,0.0,111.5,0.00,1115,0.02
Kepler-454,9.97,2.0,0.0,121.1,0.00,1090,0.02
HD_119130,8.41,1.0,0.0,59.0,0.00,946,0.08
Kepler-009b,12.34,5.7,0.0,360.7,0.00,858,0.14
Kepler-020c,10.87,2.6,0.0,183.3,0.00,1004,0.04
Kepler-444b,6.70,0.3,0.0,26.9,0.00,1258,-1.00
Kepler-444c,6.70,0.3,0.0,26.9,0.00,1164,-1.00
K2-233c,8.38,0.7,0.0,58.2,0.00,947,-1.00
K2-139,9.66,1.1,0.0,105.0,0.00,672,0.39
Kepler-080d,12.25,3.5,0.0,346.0,0.00,1111,0.02
Kepler-079b,12.61,4.1,0.0,408.4,0.00,1181,0.03
Kepler-730c,14.10,7.4,0.0,811.1,0.00,1906,-1.00
K2-106c,10.34,1.2,0.0,143.6,0.00,939,0.02
K2-138f,10.31,1.2,0.0,141.6,0.00,886,-1.00
K2-180,10.68,1.3,0.0,167.9,0.00,889,0.04
Kepler-031b,13.87,5.7,0.0,729.6,0.00,1041,0.00
Kepler-693,14.18,6.2,0.0,841.6,0.00,764,0.90
Kepler-068c,8.59,0.5,0.0,64.1,0.00,1231,0.01
Kepler-117c,13.01,3.6,0.0,491.0,0.00,844,1.84
Kepler-444d,6.70,0.2,0.0,26.9,0.00,1050,-1.00
Kepler-1656,9.64,0.7,0.0,104.0,0.00,777,0.15
K2-024c,9.18,0.6,0.0,84.2,0.00,699,0.05
Kepler-419,11.86,2.0,0.0,289.1,0.00,811,2.77
Kepler-011c,12.18,2.1,0.0,335.0,0.00,1024,0.01
CoRoT-24c,12.92,2.8,0.0,471.1,0.00,841,0.09
Kepler-029b,13.66,3.8,0.0,662.4,0.00,1035,0.01
Kepler-101c,12.01,1.7,0.0,309.8,0.00,1552,0.00
K2-133b,10.28,0.7,0.0,139.7,0.00,791,-1.00
Kepler-444e,6.70,0.1,0.0,26.9,0.00,975,-1.00
K2-110,9.61,0.5,0.0,102.6,0.00,759,0.05
Kepler-080e,12.25,1.6,0.0,346.0,0.00,967,0.01
Kepler-080b,12.25,1.6,0.0,346.0,0.00,842,0.02
Kepler-069b,12.23,1.6,0.0,342.8,0.00,1017,-1.00
Kepler-036b,10.79,0.8,0.0,176.6,0.00,1273,0.01
Kepler-444f,6.70,0.1,0.0,26.9,0.00,881,-1.00
Kepler-090b,12.48,1.6,0.0,384.7,0.00,1335,0.00
Kepler-011b,12.18,1.3,0.0,335.0,0.00,1105,0.01
Kepler-020e,10.87,0.7,0.0,183.3,0.00,1224,0.00
Kepler-032e,12.75,1.6,0.0,435.6,0.00,999,-1.00
Kepler-062b,11.66,1.0,0.0,263.7,0.00,961,0.00
Kepler-089e,10.93,0.7,0.0,188.4,0.00,792,0.11
Kepler-431b,10.65,0.6,0.0,165.6,0.00,1329,-1.00
K2-096c,7.07,0.1,0.0,31.8,0.00,660,0.03
K2-032c,9.82,0.3,0.0,113.0,0.00,743,0.00
Kepler-029c,13.66,1.9,0.0,662.4,0.00,952,0.01
Kepler-431d,10.65,0.4,0.0,165.6,0.00,1102,-1.00
Kepler-079c,12.61,1.1,0.0,408.4,0.00,934,0.02
K2-155b,9.50,0.2,0.0,97.5,0.00,698,-1.00
EPIC_246471491d,9.97,0.3,0.0,121.1,0.00,737,0.00
Kepler-032b,12.75,1.0,0.0,435.6,0.00,788,0.00
KOI-1599.02,12.57,0.9,0.0,401.0,0.00,1037,0.03
Kepler-186b,11.61,0.6,0.0,257.7,0.00,819,-1.00
Kepler-080c,12.25,0.7,0.0,346.0,0.00,762,0.02
Kepler-090c,12.48,0.8,0.0,384.7,0.00,1217,0.00
Kepler-009c,12.34,0.7,0.0,360.7,0.00,677,0.09
Kepler-079d,12.61,0.7,0.0,408.4,0.00,754,0.02
Kepler-431c,10.65,0.3,0.0,165.6,0.00,1217,-1.00
Kepler-011d,12.18,0.6,0.0,335.0,0.00,836,0.02
K2-003b,8.56,0.1,0.0,63.3,0.00,611,0.02
K2-133c,10.28,0.2,0.0,139.7,0.00,677,-1.00
Kepler-066,13.62,1.0,0.0,650.3,0.00,914,-1.00
EPIC_248435473d,8.90,0.1,0.0,74.0,0.00,615,-1.00
Kepler-011e,12.18,0.4,0.0,335.0,0.00,757,0.03
K2-233d,8.38,0.1,0.0,58.2,0.00,627,-1.00
Kepler-031c,13.87,0.9,0.0,729.6,0.00,816,0.00
Kepler-046b,13.35,0.7,0.0,574.2,0.00,645,0.89
K2-021b,9.42,0.1,0.0,94.0,0.00,664,-1.00
Kepler-430b,12.39,0.4,0.0,369.1,0.00,868,-1.00
K2-032d,9.82,0.1,0.0,113.0,0.00,644,0.03
KOI-1599.01,12.57,0.4,0.0,401.0,0.00,905,0.01
LHS_1140c,8.82,0.1,0.0,71.3,0.00,521,0.01
Kepler-032c,12.75,0.4,0.0,435.6,0.00,694,0.00
Kepler-067,14.15,0.6,0.0,830.0,0.00,788,-1.00
LHS_6343,8.70,0.0,0.0,67.5,0.00,426,62.10
Kepler-051b,13.20,0.4,0.0,535.9,0.00,646,0.01
K2-229d,9.05,0.1,0.0,79.3,0.00,621,0.00
HD_080606,7.32,0.0,0.0,35.7,0.00,483,4.11
EPIC_248435473c,8.90,0.0,0.0,74.0,0.00,760,-1.00
Kepler-296c,12.60,0.3,0.0,406.5,0.00,651,-1.00
HD_021749,5.38,0.0,0.0,14.6,0.00,507,0.07
Kepler-010c,9.50,0.1,0.0,97.5,0.00,688,0.02
Kepler-087b,12.98,0.2,0.0,484.3,0.00,625,1.02
Kepler-186c,11.61,0.1,0.0,257.7,0.00,665,-1.00
Kepler-037c,7.94,0.0,0.0,47.5,0.00,737,0.00
TRAPPIST-1b,10.30,0.1,0.0,141.0,0.00,467,0.00
Kepler-030b,13.58,0.3,0.0,638.4,0.00,715,0.03
EPIC_248435473e,8.90,0.0,0.0,74.0,0.00,560,-1.00
Kepler-037d,7.94,0.0,0.0,47.5,0.00,598,0.00
K2-056,9.37,0.0,0.0,91.9,0.00,649,0.05
Kepler-020f,10.87,0.1,0.0,183.3,0.00,828,0.00
Kepler-030c,13.58,0.2,0.0,638.4,0.00,561,1.69
Kepler-062d,11.66,0.1,0.0,263.7,0.00,652,0.00
Kepler-037b,7.94,0.0,0.0,47.5,0.00,861,0.00
Kepler-289b,12.51,0.1,0.0,390.0,0.00,750,0.02
K2-021c,9.42,0.0,0.0,94.0,0.00,561,-1.00
Kepler-138c,9.51,0.0,0.0,98.0,0.00,567,0.02
K2-155c,9.50,0.0,0.0,97.5,0.00,537,-1.00
Kepler-420,12.73,0.1,0.0,431.6,0.00,544,1.45
CoRoT-09,11.69,0.0,0.0,267.4,0.00,497,0.84
EPIC_246471491e,9.97,0.0,0.0,121.1,0.00,596,0.00
K2-133d,10.28,0.0,0.0,139.7,0.00,518,-1.00
Kepler-026b,12.63,0.1,0.0,412.2,0.00,549,0.02
Kepler-011f,12.18,0.0,0.0,335.0,0.00,666,0.01
K2-095,12.47,0.1,0.0,382.9,0.00,494,-1.00
Kepler-138b,9.51,0.0,0.0,98.0,0.00,624,0.00
K2-026b,10.53,0.0,0.0,156.7,0.00,505,-1.00
EPIC_211682544,9.75,0.0,0.0,109.4,0.00,560,0.05
Kepler-079e,12.61,0.0,0.0,408.4,0.00,650,0.01
Kepler-051c,13.20,0.1,0.0,535.9,0.00,522,0.01
Kepler-090d,12.48,0.0,0.0,384.7,0.00,642,0.00
Kepler-062c,11.66,0.0,0.0,263.7,0.00,741,0.00
Kepler-038,12.34,0.0,0.0,360.7,0.00,627,0.00
Kepler-064,12.39,0.0,0.0,369.1,0.00,599,0.00
Kepler-186d,11.61,0.0,0.0,257.7,0.00,543,-1.00
Kepler-289d,12.51,0.0,0.0,390.0,0.00,481,0.41
Kepler-289c,12.51,0.0,0.0,390.0,0.00,598,0.01
Kepler-539,10.91,0.0,0.0,186.7,0.00,461,0.97
Kepler-296b,12.60,0.0,0.0,406.5,0.00,529,-1.00
TRAPPIST-1c,10.30,0.0,0.0,141.0,0.00,399,0.00
Kepler-026c,12.63,0.0,0.0,412.2,0.00,490,0.02
Kepler-047b,13.54,0.0,0.0,626.8,0.00,584,0.00
Kepler-138d,9.51,0.0,0.0,98.0,0.00,477,0.00
Kepler-020d,10.87,0.0,0.0,183.3,0.00,523,0.03
Kepler-032d,12.75,0.0,0.0,435.6,0.00,502,-1.00
KOI-415,12.66,0.0,0.0,417.9,0.00,484,62.14
K2-003c,8.56,0.0,0.0,63.3,0.00,453,0.01
KOI-3680,13.10,0.0,0.0,511.8,0.00,448,1.93
Kepler-090e,12.48,0.0,0.0,384.7,0.00,560,0.00
Kepler-051d,13.20,0.0,0.0,535.9,0.00,454,0.02
Kepler-087c,12.98,0.0,0.0,484.3,0.00,527,0.02
Kepler-430c,12.39,0.0,0.0,369.1,0.00,596,-1.00
Kepler-090f,12.48,0.0,0.0,384.7,0.00,524,0.00
Kepler-011g,12.18,0.0,0.0,335.0,0.00,490,0.00
K2-288,9.32,0.0,0.0,89.8,0.00,421,-1.00
Kepler-186e,11.61,0.0,0.0,257.7,0.00,458,-1.00
Kepler-090g,12.48,0.0,0.0,384.7,0.00,431,0.00
Kepler-296d,12.60,0.0,0.0,406.5,0.00,433,-1.00
Kepler-030d,13.58,0.0,0.0,638.4,0.00,421,0.07
Kepler-1649,12.59,0.0,0.0,404.7,0.00,411,-1.00
Kepler-035,13.88,0.0,0.0,733.0,0.00,420,0.13
K2-018b,8.90,0.0,0.0,73.9,0.00,345,0.03
TRAPPIST-1d,10.30,0.0,0.0,141.0,0.00,336,0.00
K2-003d,8.56,0.0,0.0,63.3,0.00,372,0.00
K2-155d,9.50,0.0,0.0,97.5,0.00,375,-1.00
Kepler-413,13.41,0.0,0.0,590.3,0.00,398,0.21
Kepler-437b,11.85,0.0,0.0,287.8,0.00,401,-1.00
Kepler-090h,12.48,0.0,0.0,384.7,0.00,361,0.00
Kepler-438b,11.20,0.0,0.0,213.4,0.00,380,-1.00
Kepler-436b,13.33,0.0,0.0,569.0,0.00,382,-1.00
EPIC_201702477,12.77,0.0,0.0,439.6,0.00,344,66.90
Kepler-440b,12.12,0.0,0.0,325.9,0.00,360,-1.00
Kepler-296e,12.60,0.0,0.0,406.5,0.00,361,-1.00
Kepler-034,13.24,0.0,0.0,545.9,0.00,350,0.22
Kepler-439b,12.92,0.0,0.0,471.1,0.00,386,-1.00
Kepler-069c,12.23,0.0,0.0,342.8,0.00,390,-1.00
TRAPPIST-1e,10.30,0.0,0.0,141.0,0.00,293,0.00
Kepler-453,11.92,0.0,0.0,297.2,0.00,325,0.00
Kepler-022,10.15,0.0,0.0,131.6,0.00,340,0.02
Kepler-062e,11.66,0.0,0.0,263.7,0.00,346,0.00
LHS_1140b,8.82,0.0,0.0,71.3,0.00,279,0.02
Kepler-047c,13.54,0.0,0.0,626.8,0.00,319,0.00
Kepler-443b,13.81,0.0,0.0,709.7,0.00,323,-1.00
TRAPPIST-1f,10.30,0.0,0.0,141.0,0.00,256,0.00
Kepler-1647,12.01,0.0,0.0,309.8,0.00,289,1.52
Kepler-296f,12.60,0.0,0.0,406.5,0.00,294,-1.00
Kepler-442b,12.49,0.0,0.0,386.5,0.00,305,-1.00
Kepler-016,9.00,0.0,0.0,77.5,0.00,245,0.33
TRAPPIST-1g,10.30,0.0,0.0,141.0,0.00,232,0.00
Kepler-150f,13.36,0.0,0.0,576.9,0.00,277,-1.00
Kepler-1654,11.92,0.0,0.0,297.2,0.00,245,0.00
Kepler-062f,11.66,0.0,0.0,263.7,0.00,267,0.00
Kepler-186f,11.61,0.0,0.0,257.7,0.00,254,-1.00
Kepler-421,11.54,0.0,0.0,249.5,0.00,240,-1.00
Kepler-441b,12.29,0.0,0.0,352.5,0.00,231,-1.00
TRAPPIST-1h,10.30,0.0,0.0,141.0,0.00,202,0.00
Kepler-167e,11.83,0.0,0.0,285.2,0.00,174,-1.00
